Rule;Support;Confidence;Lift;Count;UsedTerm;Url;Title;Abstract;DataPublicacao
"{12925007000101,17930162000121} => {13440815000133}";0,0103256552819698;1;45,7818181818182;26;13440815000133+execução+penal;https://www.jusbrasil.com.br/diarios/242350923/doerr-17-05-2019-pg-21?ref=serp;DOERR 17/05/2019 - Pág. 21 - Diário Oficial do Estado de Roraima;CONTRATAÇÃO DE EMPRESA (S) ESPECIALIZADA (S) EM OBRAS E REGISTRO DE PREÇOS SERVIÇOS DE ENGENHARIA, PARA EXECUÇÃO...94, 95, 116 e 178 18.744,10 04 13.213.516/0001-66 - SAINT VALLEN BIOTECNOLOGIA LTDA 179 1.821,20 05 13.440.815/0001-33...no Código de Data de Abertura e Início da Disputa: 03/06/2019 – 09hs:00min (horário local)? Processo Penal...;
"{12925007000101,17930162000121} => {13440815000133}";0,0103256552819698;1;45,7818181818182;26;13440815000133+execução+penal;https://www.jusbrasil.com.br/diarios/268513438/dou-secao-3-25-10-2019-pg-244?ref=serp;DOU 25/10/2019 - Pág. 244 - Seção 3 - Diário Oficial da União;HOMOLOGAÇÃO Processo Licitatório Nº 010/2019- CELOSE; Objeto contratação de empresa de engenharia para execução...Termo de Colaboração, com a finalidade de contribuir para a Implementação da Central de Alternativas Penais...NORTE-FUERN (08.258.295/0001-02) e AZLAB EQUIPAMENTOS E SUPRIMENTOS PARA LABORATÓRIOS E HOSPITAIS LTDA (13.440.815/0001-33...;
"{12925007000101,17930162000121} => {13440815000133}";0,0103256552819698;1;45,7818181818182;26;13440815000133+execução+penal;https://www.jusbrasil.com.br/diarios/105488837/dom-sp-normal-02-12-2015-pg-92?ref=serp;DOM-SP 02/12/2015 - Pág. 92 - Normal - Diário Oficial do Município de São Paulo;em cujo Anexo deverá constar as seguintes disposições: “Sem prejuízo das sanções administrativas e penais...Para a execução deste contrato, nenhuma das partes poderá oferecer, dar ou se comprometer a dar a quem...ajuste e com fundamento no art. 87 , II da Lei Federal nº 8.666 /93, tendo em vista a ocorrência na execução...;
"{12925007000101,17930162000121} => {13440815000133}";0,0103256552819698;1;45,7818181818182;26;13440815000133+crimes+contra;https://www.jusbrasil.com.br/diarios/270636705/doern-05-06-2019-pg-25?ref=serp;DOERN 05/06/2019 - Pág. 25 - Diário Oficial do Estado do Rio Grande do Norte;E HOPITAIS LTDA 13.440.815/0001-33 3. 2.900,00 TOTAL GERAL 22.098,50 Natal/RN, 04 de junho de 2019....União e do Estado onde tenha residido nos últimos 05 (cinco) anos; XI - Declaração de não ter cometido crime...União e do Estado onde tenha residido nos últimos 05 (cinco) anos; XI - Declaração de não ter cometido crime...;
"{12925007000101,17930162000121} => {13440815000133}";0,0103256552819698;1;45,7818181818182;26;13440815000133+crimes+contra;https://www.jusbrasil.com.br/diarios/84484994/dou-secao-3-26-01-2015-pg-39?ref=serp;DOU 26/01/2015 - Pág. 39 - Seção 3 - Diário Oficial da União;CNPJ Contratado: 13440815000133. isenção serão de inteira responsabilidade do candidato, podendo responder este, a qualquer momento, por crime;
"{12925007000101,17930162000121} => {13440815000133}";0,0103256552819698;1;45,7818181818182;26;13440815000133+crimes+contra;https://www.jusbrasil.com.br/diarios/250406260/dou-secao-3-05-07-2019-pg-231?ref=serp;DOU 05/07/2019 - Pág. 231 - Seção 3 - Diário Oficial da União;6.059,00; Itens 2, 3, 6, 8, 10 e 12 a empresa AZLAB EQUIPAMENTOS E SUPRIMENTOS PARA LABORATORIOS E HO (13.440.815/0001-33...01; 25/04/2019; ALTERAÇÃO PRAZO DE PRESTAÇÃO DE CONTAS / MOVIOCA SALVADOR PRODUÇÕES ARTÍSTICAS LTDA; CRIMES;
"{12925007000101,17930162000121} => {13440815000133}";0,0103256552819698;1;45,7818181818182;26;13440815000133+tcu;https://www.jusbrasil.com.br/diarios/260645090/dou-secao-3-09-09-2019-pg-57?ref=serp;DOU 09/09/2019 - Pág. 57 - Seção 3 - Diário Oficial da União;Informativo de créditos não quitados do setor público federal - Cadin, nos termos da Instrução Normativa TCU...02.257.207/0001-71, Valor Total R$ 6.000,00; Azlab Equipamentos e Suprimentos para Laboratório, CNPJ 13.440.815/0001-33;
"{12925007000101,17930162000121} => {13440815000133}";0,0103256552819698;1;45,7818181818182;26;13440815000133+tcu;https://www.jusbrasil.com.br/diarios/98954969/dou-secao-3-31-08-2015-pg-70?ref=serp;DOU 31/08/2015 - Pág. 70 - Seção 3 - Diário Oficial da União;valor global de R$ 210,00; Azlab Equipamentos e Suprimentos para Laboratórios e Hospitais Ltda, CNPJ: 13.440.815/0001-33...Lei 8.666 /93, Lei 8.958 /94, Decreto 7.423/10, Decreto 8.241 /14, Resolução 28 /11, Acórdão 2.731/08-TCU;
"{12925007000101,17930162000121} => {13440815000133}";0,0103256552819698;1;45,7818181818182;26;13440815000133+tcu;https://www.jusbrasil.com.br/diarios/130211183/dou-secao-3-09-11-2016-pg-67?ref=serp;DOU 09/11/2016 - Pág. 67 - Seção 3 - Diário Oficial da União;CNPJ: 13.440.815/0001-33 - AZLAB EQUIPAMENTOS E SUPRIMENTOS LABORATORIOS E HOSP. temas aplicados e fundamentais sobre obras e serviços de engenharia de acordo com o entendimento do TCU;
"{12925007000101,17930162000121} => {13440815000133}";0,0103256552819698;1;45,7818181818182;26;13440815000133+tcu;https://www.jusbrasil.com.br/diarios/121789870/dou-secao-3-01-08-2016-pg-50?ref=serp;DOU 01/08/2016 - Pág. 50 - Seção 3 - Diário Oficial da União;nove reais e noventa e nove centavos); AZLAB EQUIPAMENTOS E SUPRIMENTOS PARA LABORATORIOS E HO, CNPJ: 13.440.815/0001-33...12/2004, que regulamenta as Leis n. 10.048-8, de 08/11/2000 e 10.098 , de 19/12/2000 e do Acórdão do TCU;
"{12925007000101,13440815000133} => {17930162000121}";0,0103256552819698;1;45,7818181818182;26;17930162000121+execução+penal;https://www.jusbrasil.com.br/diarios/71899307/dou-secao-3-17-06-2014-pg-57?ref=serp;DOU 17/06/2014 - Pág. 57 - Seção 3 - Diário Oficial da União;eletrônico www.unifap.br/depsec. 16.3 Anular-se-á sumariamente, sem prejuízo de eventuais sanções de caráter penal...Laboratoriais, CNPJ 17.930.162/0001-21; ITEM 02: K. C.R. COMER. DE EQUIP. fornecedores, queriam por gentileza ler atentamente o edital para ter conhecimentos das condições e forma da execução...;
"{12925007000101,13440815000133} => {17930162000121}";0,0103256552819698;1;45,7818181818182;26;17930162000121+execução+penal;https://www.jusbrasil.com.br/diarios/194769576/dou-secao-3-13-06-2018-pg-8?ref=serp;DOU 13/06/2018 - Pág. 8 - Seção 3 - Diário Oficial da União;Lab.Ltda, CNPJ-17.930.162/0001-21; Itens:5,6,12,13,20,43,71,73,74,75,76,77 =R$ 3.053,00; ATA-45/2017-...Penais e Corregedoria dos Presídios do Estado de Sergipe, para desempenhar atividades de manutenção...CNPJ CONTRATADA : 08.698.545/0001-25 CONSELHODA COMUNIDADE NA EXECUÇÃO PENAL - CCEP.;
"{12925007000101,13440815000133} => {17930162000121}";0,0103256552819698;1;45,7818181818182;26;17930162000121+responsabilidade+penal;https://www.jusbrasil.com.br/diarios/219255528/doema-terceiros-27-11-2018-pg-18?ref=serp;DOEMA 27/11/2018 - Pág. 18 - Terceiros - Diário Oficial do Estado do Maranhão;30 120 5000 R$ 20.000,00 contra crianças e adolescentes: a situação de violência à luz da legislação penal...Responsabilidades do Conselho tutelar e demais órgão do sistema de garantia de direitos. 4 30 120 5000...jurídicos: ITEM EMPRESA VENCEDORA 18 NATIVA LAB PRODUTOS LABORATORIAIS VALOR R$ 4.200,00 LTDA-ME CNPJ – 17.930.162/0001-21...;
"{12925007000101,13440815000133} => {17930162000121}";0,0103256552819698;1;45,7818181818182;26;17930162000121+crimes+contra;https://www.jusbrasil.com.br/diarios/232916956/doero-18-03-2019-pg-27?ref=serp;DOERO 18/03/2019 - Pág. 27 - Diário Oficial do Estado de Rondônia;ESTADO DE RONDÔNIA, ATRAVÉS DA SESDEC CONTRATADA: NATIVA LAB PRODUTOS LABORATORIAIS EIRELI CNPJ/MF nº. 17.930.162/0001-21...Criminal no Estado de Rondônia, que visa à produção de prova técnico-científica para esclarecimento de crimes;
"{12925007000101,13440815000133} => {17930162000121}";0,0103256552819698;1;45,7818181818182;26;17930162000121+crimes+contra;https://www.jusbrasil.com.br/diarios/212306032/dou-secao-3-09-10-2018-pg-67?ref=serp;DOU 09/10/2018 - Pág. 67 - Seção 3 - Diário Oficial da União;Fornecedor: 17.930.162/0001-21 - NATIVA LAB PRODUTOS LABORATORIAIS EIRELI. qualquer momento, no caso de serem prestadas informações inverídicas ou utilizados documentos falsos, por crime;
"{12925007000101,13440815000133} => {17930162000121}";0,0103256552819698;1;45,7818181818182;26;17930162000121+crimes+contra;https://www.jusbrasil.com.br/diarios/199307753/dou-secao-3-16-07-2018-pg-64?ref=serp;DOU 16/07/2018 - Pág. 64 - Seção 3 - Diário Oficial da União;CNPJ: 17.930.162/0001-21 - NATIVA LAB PRODUTOS LABORATORIAIS LTDA. Resumo do Objeto: Desenvolvimento de um projeto modelo, relacionado a prevenção aos riscos e crimes sexuais;
"{12925007000101,13440815000133} => {17930162000121}";0,0103256552819698;1;45,7818181818182;26;17930162000121+tcu;https://www.jusbrasil.com.br/diarios/179092506/dou-secao-3-26-02-2018-pg-103?ref=serp;DOU 26/02/2018 - Pág. 103 - Seção 3 - Diário Oficial da União;implicará na inscrição da responsabilidade no SIAFI e CADIN, com posterior envio do referido processo ao TCU...implicará na inscrição da responsabilidade no SIAFI e CADIN, com posterior envio do referido processo ao TCU...Produtos Laboratoriais LTDA - ME, CNPJ nº 17.930.162/0001-21, para o item 7, no valor total de R$ 10.400,00...;
"{12925007000101,13440815000133} => {17930162000121}";0,0103256552819698;1;45,7818181818182;26;17930162000121+tcu;https://www.jusbrasil.com.br/diarios/189611119/dou-secao-3-09-05-2018-pg-81?ref=serp;DOU 09/05/2018 - Pág. 81 - Seção 3 - Diário Oficial da União;na mesma localidade do exercício do cargo concursado neste edital, em obséquio à Decisão Normativa/TCU...nº 212/1998 e no Acórdão /TCU/ nº 569/2006-Plenário, processo nº TC-005.514/2004-9. 12.4 Novas vagas...15.188.525/0001-70, item 26, no valor total de R$ 5.535,00; NATIVA LAB PRODUTOS LABORATORIAIS LTDA-ME, CNPJ 17.930.162/0001-21...;
"{12925007000101,13440815000133} => {17930162000121}";0,0103256552819698;1;45,7818181818182;26;17930162000121+tcu;https://www.jusbrasil.com.br/diarios/215874041/dou-secao-3-01-11-2018-pg-52?ref=serp;DOU 01/11/2018 - Pág. 52 - Seção 3 - Diário Oficial da União;NATIVA LAB PRODUTOS LABORATORIAIS EIRELI, CNPJ 17.930.162/0001-21, Ata 8/2018-9, valor unitário para...Justificativa: Necessidade de fornecimento de energia elétrica amparada pelo item 9.3.4 do Acórdão TCU;
"{12925007000101,13440815000133} => {17930162000121}";0,0103256552819698;1;45,7818181818182;26;17930162000121+tcu;https://www.jusbrasil.com.br/diarios/73526126/dou-secao-3-25-07-2014-pg-57?ref=serp;DOU 25/07/2014 - Pág. 57 - Seção 3 - Diário Oficial da União;CNPJ nº 09.593.438/ 0001-03; Item 11 (R$ 720,00); NATIVA LAB PRODUTOS LABORATORIAIS LTDA - CNPJ nº 17.930.162/0001-21...Fundamento Legal: § 8º do Art. 65 , da Lei 8666 /93, c/c Acórdão nº 976 /2005-TCU.;
"{11464383000175,17930162000121} => {13440815000133}";0,0103256552819698;1;45,7818181818182;26;13440815000133+execução+penal;https://www.jusbrasil.com.br/diarios/242350923/doerr-17-05-2019-pg-21?ref=serp;DOERR 17/05/2019 - Pág. 21 - Diário Oficial do Estado de Roraima;CONTRATAÇÃO DE EMPRESA (S) ESPECIALIZADA (S) EM OBRAS E REGISTRO DE PREÇOS SERVIÇOS DE ENGENHARIA, PARA EXECUÇÃO...94, 95, 116 e 178 18.744,10 04 13.213.516/0001-66 - SAINT VALLEN BIOTECNOLOGIA LTDA 179 1.821,20 05 13.440.815/0001-33...no Código de Data de Abertura e Início da Disputa: 03/06/2019 – 09hs:00min (horário local)? Processo Penal...;
"{11464383000175,17930162000121} => {13440815000133}";0,0103256552819698;1;45,7818181818182;26;13440815000133+execução+penal;https://www.jusbrasil.com.br/diarios/268513438/dou-secao-3-25-10-2019-pg-244?ref=serp;DOU 25/10/2019 - Pág. 244 - Seção 3 - Diário Oficial da União;HOMOLOGAÇÃO Processo Licitatório Nº 010/2019- CELOSE; Objeto contratação de empresa de engenharia para execução...Termo de Colaboração, com a finalidade de contribuir para a Implementação da Central de Alternativas Penais...NORTE-FUERN (08.258.295/0001-02) e AZLAB EQUIPAMENTOS E SUPRIMENTOS PARA LABORATÓRIOS E HOSPITAIS LTDA (13.440.815/0001-33...;
"{11464383000175,17930162000121} => {13440815000133}";0,0103256552819698;1;45,7818181818182;26;13440815000133+execução+penal;https://www.jusbrasil.com.br/diarios/105488837/dom-sp-normal-02-12-2015-pg-92?ref=serp;DOM-SP 02/12/2015 - Pág. 92 - Normal - Diário Oficial do Município de São Paulo;em cujo Anexo deverá constar as seguintes disposições: “Sem prejuízo das sanções administrativas e penais...Para a execução deste contrato, nenhuma das partes poderá oferecer, dar ou se comprometer a dar a quem...ajuste e com fundamento no art. 87 , II da Lei Federal nº 8.666 /93, tendo em vista a ocorrência na execução...;
"{11464383000175,17930162000121} => {13440815000133}";0,0103256552819698;1;45,7818181818182;26;13440815000133+crimes+contra;https://www.jusbrasil.com.br/diarios/270636705/doern-05-06-2019-pg-25?ref=serp;DOERN 05/06/2019 - Pág. 25 - Diário Oficial do Estado do Rio Grande do Norte;E HOPITAIS LTDA 13.440.815/0001-33 3. 2.900,00 TOTAL GERAL 22.098,50 Natal/RN, 04 de junho de 2019....União e do Estado onde tenha residido nos últimos 05 (cinco) anos; XI - Declaração de não ter cometido crime...União e do Estado onde tenha residido nos últimos 05 (cinco) anos; XI - Declaração de não ter cometido crime...;
"{11464383000175,17930162000121} => {13440815000133}";0,0103256552819698;1;45,7818181818182;26;13440815000133+crimes+contra;https://www.jusbrasil.com.br/diarios/84484994/dou-secao-3-26-01-2015-pg-39?ref=serp;DOU 26/01/2015 - Pág. 39 - Seção 3 - Diário Oficial da União;CNPJ Contratado: 13440815000133. isenção serão de inteira responsabilidade do candidato, podendo responder este, a qualquer momento, por crime;
"{11464383000175,17930162000121} => {13440815000133}";0,0103256552819698;1;45,7818181818182;26;13440815000133+crimes+contra;https://www.jusbrasil.com.br/diarios/250406260/dou-secao-3-05-07-2019-pg-231?ref=serp;DOU 05/07/2019 - Pág. 231 - Seção 3 - Diário Oficial da União;6.059,00; Itens 2, 3, 6, 8, 10 e 12 a empresa AZLAB EQUIPAMENTOS E SUPRIMENTOS PARA LABORATORIOS E HO (13.440.815/0001-33...01; 25/04/2019; ALTERAÇÃO PRAZO DE PRESTAÇÃO DE CONTAS / MOVIOCA SALVADOR PRODUÇÕES ARTÍSTICAS LTDA; CRIMES;
"{11464383000175,17930162000121} => {13440815000133}";0,0103256552819698;1;45,7818181818182;26;13440815000133+tcu;https://www.jusbrasil.com.br/diarios/260645090/dou-secao-3-09-09-2019-pg-57?ref=serp;DOU 09/09/2019 - Pág. 57 - Seção 3 - Diário Oficial da União;Informativo de créditos não quitados do setor público federal - Cadin, nos termos da Instrução Normativa TCU...02.257.207/0001-71, Valor Total R$ 6.000,00; Azlab Equipamentos e Suprimentos para Laboratório, CNPJ 13.440.815/0001-33;
"{11464383000175,17930162000121} => {13440815000133}";0,0103256552819698;1;45,7818181818182;26;13440815000133+tcu;https://www.jusbrasil.com.br/diarios/98954969/dou-secao-3-31-08-2015-pg-70?ref=serp;DOU 31/08/2015 - Pág. 70 - Seção 3 - Diário Oficial da União;valor global de R$ 210,00; Azlab Equipamentos e Suprimentos para Laboratórios e Hospitais Ltda, CNPJ: 13.440.815/0001-33...Lei 8.666 /93, Lei 8.958 /94, Decreto 7.423/10, Decreto 8.241 /14, Resolução 28 /11, Acórdão 2.731/08-TCU;
"{11464383000175,17930162000121} => {13440815000133}";0,0103256552819698;1;45,7818181818182;26;13440815000133+tcu;https://www.jusbrasil.com.br/diarios/130211183/dou-secao-3-09-11-2016-pg-67?ref=serp;DOU 09/11/2016 - Pág. 67 - Seção 3 - Diário Oficial da União;CNPJ: 13.440.815/0001-33 - AZLAB EQUIPAMENTOS E SUPRIMENTOS LABORATORIOS E HOSP. temas aplicados e fundamentais sobre obras e serviços de engenharia de acordo com o entendimento do TCU;
"{11464383000175,17930162000121} => {13440815000133}";0,0103256552819698;1;45,7818181818182;26;13440815000133+tcu;https://www.jusbrasil.com.br/diarios/121789870/dou-secao-3-01-08-2016-pg-50?ref=serp;DOU 01/08/2016 - Pág. 50 - Seção 3 - Diário Oficial da União;nove reais e noventa e nove centavos); AZLAB EQUIPAMENTOS E SUPRIMENTOS PARA LABORATORIOS E HO, CNPJ: 13.440.815/0001-33...12/2004, que regulamenta as Leis n. 10.048-8, de 08/11/2000 e 10.098 , de 19/12/2000 e do Acórdão do TCU;
"{11464383000175,13440815000133} => {17930162000121}";0,0103256552819698;1;45,7818181818182;26;17930162000121+execução+penal;https://www.jusbrasil.com.br/diarios/71899307/dou-secao-3-17-06-2014-pg-57?ref=serp;DOU 17/06/2014 - Pág. 57 - Seção 3 - Diário Oficial da União;eletrônico www.unifap.br/depsec. 16.3 Anular-se-á sumariamente, sem prejuízo de eventuais sanções de caráter penal...Laboratoriais, CNPJ 17.930.162/0001-21; ITEM 02: K. C.R. COMER. DE EQUIP. fornecedores, queriam por gentileza ler atentamente o edital para ter conhecimentos das condições e forma da execução...;
"{11464383000175,13440815000133} => {17930162000121}";0,0103256552819698;1;45,7818181818182;26;17930162000121+execução+penal;https://www.jusbrasil.com.br/diarios/194769576/dou-secao-3-13-06-2018-pg-8?ref=serp;DOU 13/06/2018 - Pág. 8 - Seção 3 - Diário Oficial da União;Lab.Ltda, CNPJ-17.930.162/0001-21; Itens:5,6,12,13,20,43,71,73,74,75,76,77 =R$ 3.053,00; ATA-45/2017-...Penais e Corregedoria dos Presídios do Estado de Sergipe, para desempenhar atividades de manutenção...CNPJ CONTRATADA : 08.698.545/0001-25 CONSELHODA COMUNIDADE NA EXECUÇÃO PENAL - CCEP.;
"{11464383000175,13440815000133} => {17930162000121}";0,0103256552819698;1;45,7818181818182;26;17930162000121+responsabilidade+penal;https://www.jusbrasil.com.br/diarios/219255528/doema-terceiros-27-11-2018-pg-18?ref=serp;DOEMA 27/11/2018 - Pág. 18 - Terceiros - Diário Oficial do Estado do Maranhão;30 120 5000 R$ 20.000,00 contra crianças e adolescentes: a situação de violência à luz da legislação penal...Responsabilidades do Conselho tutelar e demais órgão do sistema de garantia de direitos. 4 30 120 5000...jurídicos: ITEM EMPRESA VENCEDORA 18 NATIVA LAB PRODUTOS LABORATORIAIS VALOR R$ 4.200,00 LTDA-ME CNPJ – 17.930.162/0001-21...;
"{11464383000175,13440815000133} => {17930162000121}";0,0103256552819698;1;45,7818181818182;26;17930162000121+crimes+contra;https://www.jusbrasil.com.br/diarios/232916956/doero-18-03-2019-pg-27?ref=serp;DOERO 18/03/2019 - Pág. 27 - Diário Oficial do Estado de Rondônia;ESTADO DE RONDÔNIA, ATRAVÉS DA SESDEC CONTRATADA: NATIVA LAB PRODUTOS LABORATORIAIS EIRELI CNPJ/MF nº. 17.930.162/0001-21...Criminal no Estado de Rondônia, que visa à produção de prova técnico-científica para esclarecimento de crimes;
"{11464383000175,13440815000133} => {17930162000121}";0,0103256552819698;1;45,7818181818182;26;17930162000121+crimes+contra;https://www.jusbrasil.com.br/diarios/212306032/dou-secao-3-09-10-2018-pg-67?ref=serp;DOU 09/10/2018 - Pág. 67 - Seção 3 - Diário Oficial da União;Fornecedor: 17.930.162/0001-21 - NATIVA LAB PRODUTOS LABORATORIAIS EIRELI. qualquer momento, no caso de serem prestadas informações inverídicas ou utilizados documentos falsos, por crime;
"{11464383000175,13440815000133} => {17930162000121}";0,0103256552819698;1;45,7818181818182;26;17930162000121+crimes+contra;https://www.jusbrasil.com.br/diarios/199307753/dou-secao-3-16-07-2018-pg-64?ref=serp;DOU 16/07/2018 - Pág. 64 - Seção 3 - Diário Oficial da União;CNPJ: 17.930.162/0001-21 - NATIVA LAB PRODUTOS LABORATORIAIS LTDA. Resumo do Objeto: Desenvolvimento de um projeto modelo, relacionado a prevenção aos riscos e crimes sexuais;
"{11464383000175,13440815000133} => {17930162000121}";0,0103256552819698;1;45,7818181818182;26;17930162000121+tcu;https://www.jusbrasil.com.br/diarios/179092506/dou-secao-3-26-02-2018-pg-103?ref=serp;DOU 26/02/2018 - Pág. 103 - Seção 3 - Diário Oficial da União;implicará na inscrição da responsabilidade no SIAFI e CADIN, com posterior envio do referido processo ao TCU...implicará na inscrição da responsabilidade no SIAFI e CADIN, com posterior envio do referido processo ao TCU...Produtos Laboratoriais LTDA - ME, CNPJ nº 17.930.162/0001-21, para o item 7, no valor total de R$ 10.400,00...;
"{11464383000175,13440815000133} => {17930162000121}";0,0103256552819698;1;45,7818181818182;26;17930162000121+tcu;https://www.jusbrasil.com.br/diarios/189611119/dou-secao-3-09-05-2018-pg-81?ref=serp;DOU 09/05/2018 - Pág. 81 - Seção 3 - Diário Oficial da União;na mesma localidade do exercício do cargo concursado neste edital, em obséquio à Decisão Normativa/TCU...nº 212/1998 e no Acórdão /TCU/ nº 569/2006-Plenário, processo nº TC-005.514/2004-9. 12.4 Novas vagas...15.188.525/0001-70, item 26, no valor total de R$ 5.535,00; NATIVA LAB PRODUTOS LABORATORIAIS LTDA-ME, CNPJ 17.930.162/0001-21...;
"{11464383000175,13440815000133} => {17930162000121}";0,0103256552819698;1;45,7818181818182;26;17930162000121+tcu;https://www.jusbrasil.com.br/diarios/215874041/dou-secao-3-01-11-2018-pg-52?ref=serp;DOU 01/11/2018 - Pág. 52 - Seção 3 - Diário Oficial da União;NATIVA LAB PRODUTOS LABORATORIAIS EIRELI, CNPJ 17.930.162/0001-21, Ata 8/2018-9, valor unitário para...Justificativa: Necessidade de fornecimento de energia elétrica amparada pelo item 9.3.4 do Acórdão TCU;
"{11464383000175,13440815000133} => {17930162000121}";0,0103256552819698;1;45,7818181818182;26;17930162000121+tcu;https://www.jusbrasil.com.br/diarios/73526126/dou-secao-3-25-07-2014-pg-57?ref=serp;DOU 25/07/2014 - Pág. 57 - Seção 3 - Diário Oficial da União;CNPJ nº 09.593.438/ 0001-03; Item 11 (R$ 720,00); NATIVA LAB PRODUTOS LABORATORIAIS LTDA - CNPJ nº 17.930.162/0001-21...Fundamento Legal: § 8º do Art. 65 , da Lei 8666 /93, c/c Acórdão nº 976 /2005-TCU.;
"{06957510000138} => {03961467000196}";0,0107227958697379;1;89,9285714285714;27;03961467000196+execução+penal;https://www.jusbrasil.com.br/diarios/138150142/doeal-poder-executivo-22-02-2017-pg-14?ref=serp;DOEAL 22/02/2017 - Pág. 14 - Poder Executivo - Diário Oficial do Estado de Alagoas;Prisional Alagoano e Convênio 025/2013 (SINCOV 795314/2013), referente à Central Integrada de Alternativas Penais...CONTRATADO: A empresa MULTI QUADROS E VIDROS LTDA - ME, CNPJ nº 03.961.467/0001-96. VIGÊNCIA: O prazo de vigência e execução contratual fica prorrogado por mais 12 (doze) meses consecutivos...;
"{06957510000138} => {03961467000196}";0,0107227958697379;1;89,9285714285714;27;03961467000196+execução+penal;https://www.jusbrasil.com.br/diarios/138150480/doeal-diario-oficial-22-02-2017-pg-14?ref=serp;DOEAL 22/02/2017 - Pág. 14 - Diário Oficial - Diário Oficial do Estado de Alagoas;Prisional Alagoano e Convênio 025/2013 (SINCOV 795314/2013), referente à Central Integrada de Alternativas Penais...CONTRATADO: A empresa MULTI QUADROS E VIDROS LTDA - ME, CNPJ nº 03.961.467/0001-96. VIGÊNCIA: O prazo de vigência e execução contratual fica prorrogado por mais 12 (doze) meses consecutivos...;
"{06957510000138} => {03961467000196}";0,0107227958697379;1;89,9285714285714;27;03961467000196+execução+penal;https://www.jusbrasil.com.br/diarios/86573654/doero-24-02-2015-pg-64?ref=serp;DOERO 24/02/2015 - Pág. 64 - Diário Oficial do Estado de Rondônia;Passo a dosimetria da pena, seguindo as diretrizes do artigo 69 e seguintes, do Código Penal Militar...Analisando os antecedentes criminais, apenas Pablo apresenta condenação com trânsito em julgado e execução...cinco mil, cento e oitenta e seis reais), foi adjudicado para MULTI QUADROS E VIDROS LTDA - ME , CNPJ 03.961.467/0001-96...;
"{06957510000138} => {03961467000196}";0,0107227958697379;1;89,9285714285714;27;03961467000196+execução+penal;https://www.jusbrasil.com.br/diarios/36722564/doepa-caderno-4-07-05-2012-pg-4?ref=serp;DOEPA 07/05/2012 - Pág. 4 - Caderno 4 - Diário Oficial do Estado do Pará;alegações escritas ou reduzidas a termo; f) razões e contrarrazões recursais; g) manifestação em sede de execução...penal; e h) outras manifestações consideradas importantes; II - área cível incluindo, no que couber,...EPP - Total do Fornecedor R$ 4.700,00 Item 36 - com valor global estimado de R$ 4.700,00 - CNPJ 03.961.467/0001-96...;
"{06957510000138} => {03961467000196}";0,0107227958697379;1;89,9285714285714;27;03961467000196+execução+penal;https://www.jusbrasil.com.br/diarios/229762596/doepa-22-02-2019-pg-57?ref=serp;DOEPA 22/02/2019 - Pág. 57 - Diário Oficial do Estado do Pará;INFRAESTRUTURA E DESENVOLVIMENTO URBANO OBJETO DA APURAÇÃO: APURAR A NOTICIA DE IRREGULARIDADES NA OBRA DE EXECUÇÃO...Julgamento de Remoção na 3ª Entrância, para o cargo de 2º PJ DE EXECUÇÕES PENAIS, PENAS E MEDIDAS ALTERNATIVAS...Contratantes: Ministério Público do Estado do Pará e a empresa MULTI QUADROS E VIDROS LTDA (CNPJ/MF sob nº 03.961.467/0001-96...;
"{06957510000138} => {03961467000196}";0,0107227958697379;1;89,9285714285714;27;03961467000196+execução+penal;https://www.jusbrasil.com.br/diarios/123227982/dou-secao-3-19-08-2016-pg-52?ref=serp;DOU 19/08/2016 - Pág. 52 - Seção 3 - Diário Oficial da União;contraditório e a ampla defesa, ensejará o encerramento do contrato de financiamento, sem prejuízo das sanções penais...Objeto: O presente termo prorroga o prazo de execução por mais noventa dias e o prazo de vigência por...CNPJ: 03.961.467/0001-96 - MULTI QUADROS E VIDROS LTDA EPP para o Item 61 no Valor Total de R$ 17.262,00...;
"{06957510000138} => {03961467000196}";0,0107227958697379;1;89,9285714285714;27;03961467000196+execução+penal;https://www.jusbrasil.com.br/diarios/233740118/dosp-executivo-caderno-1-22-03-2019-pg-106?ref=serp;DOSP 22/03/2019 - Pág. 106 - Executivo - Caderno 1 - Diário Oficial do Estado de São Paulo;Penal, resolve: DESIGNAR, I – DESIGNAR, em conformidade com o Decreto nº. 47.297/2002, Artigo 3º, Inciso...Penal, resolve: DESIGNAR, I – DESIGNAR, em conformidade com o Decreto nº. 47.297/2002, Artigo 3º, Inciso...-Enq. - Análise - Justificativa 03961467000196 - MULTI QUADROS E VIDROS LTDA -205,0000 - MULTI QUADROS...;
"{06957510000138} => {03961467000196}";0,0107227958697379;1;89,9285714285714;27;03961467000196+execução+penal;https://www.jusbrasil.com.br/diarios/177909747/dosp-cidade-16-02-2018-pg-89?ref=serp;DOSP 16/02/2018 - Pág. 89 - Cidade - Diário Oficial do Estado de São Paulo;Prazo para execução: 15 (quinze) dias corridos após a retirada da Nota de Empenho. em cujo Anexo deverá constar as seguintes disposições: “Sem prejuízo das sanções administrativas e penais...dotação 84.26.10.122.3024.2100.3390.3000.00 em favor da empresa MULTI QUADROS E VIDROS LTDA - EPP, CNPJ 03.961.467/0001-96...;
"{06957510000138} => {03961467000196}";0,0107227958697379;1;89,9285714285714;27;03961467000196+execução+penal;https://www.jusbrasil.com.br/diarios/178502286/dom-sp-normal-16-02-2018-pg-89?ref=serp;DOM-SP 16/02/2018 - Pág. 89 - Normal - Diário Oficial do Município de São Paulo;Prazo para execução: 15 (quinze) dias corridos após a retirada da Nota de Empenho. em cujo Anexo deverá constar as seguintes disposições: “Sem prejuízo das sanções administrativas e penais...dotação 84.26.10.122.3024.2100.3390.3000.00 em favor da empresa MULTI QUADROS E VIDROS LTDA - EPP, CNPJ 03.961.467/0001-96...;
"{06957510000138} => {03961467000196}";0,0107227958697379;1;89,9285714285714;27;03961467000196+execução+penal;https://www.jusbrasil.com.br/diarios/130214367/dosp-cidade-09-11-2016-pg-216?ref=serp;DOSP 09/11/2016 - Pág. 216 - Cidade - Diário Oficial do Estado de São Paulo;em cujo Anexo deverá constar as seguintes disposições: “Sem prejuízo das sanções administrativas e penais...Para a execução deste contrato, nenhuma das partes poderá oferecer, dar ou se comprometer a dar a quem...44.279/03 e Lei Federal 10.520 /2002, adjudicado junto à empresa MULTI QUADROS E VIDROS LTDA - EPP, CNPJ 03.961.467/0001-96...;
"{06957510000138} => {03961467000196}";0,0107227958697379;1;89,9285714285714;27;03961467000196+responsabilidade+penal;https://www.jusbrasil.com.br/diarios/36353160/doepa-caderno-4-23-04-2012-pg-10?ref=serp;DOEPA 23/04/2012 - Pág. 10 - Caderno 4 - Diário Oficial do Estado do Pará;Considerando a necessidade da busca de prova indiciária cujo objetivo é colaborar para elucidar infrações penais...que estiverem à frente da ocorrência e/ ou apuração dessas denúncias envolvendo crime castrense, a responsabilidade...EPP - Total do Fornecedor R$ 4.700,00 Item 36 - com valor global de R$ 4.700,00 - CNPJ 03.961.467/0001-96...;
"{06957510000138} => {03961467000196}";0,0107227958697379;1;89,9285714285714;27;03961467000196+responsabilidade+penal;https://www.jusbrasil.com.br/diarios/123227982/dou-secao-3-19-08-2016-pg-52?ref=serp;DOU 19/08/2016 - Pág. 52 - Seção 3 - Diário Oficial da União;seletivo do Fies referente ao segundo semestre de 2016 têm caráter meramente complementar, não afastando a responsabilidade...contraditório e a ampla defesa, ensejará o encerramento do contrato de financiamento, sem prejuízo das sanções penais...CNPJ: 03.961.467/0001-96 - MULTI QUADROS E VIDROS LTDA EPP para o Item 61 no Valor Total de R$ 17.262,00...;
"{06957510000138} => {03961467000196}";0,0107227958697379;1;89,9285714285714;27;03961467000196+responsabilidade+penal;https://www.jusbrasil.com.br/diarios/194375470/doerr-07-06-2018-pg-16?ref=serp;DOERR 07/06/2018 - Pág. 16 - Diário Oficial do Estado de Roraima;Responsabilidade do servidorpúblico. Responsabilidade civil e penal do servidorpúblico....Responsabilidade da administração. Servidores. Agentes Públicos. Serviços Públicos. 01.608.172/0001-05, com o valor total para o item: 73=42.200,00; MULTI QUADROS E VIDROS LTDA - EPP, CNPJ: 03.961.467/0001-96...;
"{06957510000138} => {03961467000196}";0,0107227958697379;1;89,9285714285714;27;03961467000196+crimes+contra;https://www.jusbrasil.com.br/diarios/36353160/doepa-caderno-4-23-04-2012-pg-10?ref=serp;DOEPA 23/04/2012 - Pág. 10 - Caderno 4 - Diário Oficial do Estado do Pará;todas as denúncias encaminhadas através do Serviço Disque - Denúncia (191), onde se observa noticia de crime...deve ser instaurado imediatamente o Inquérito Policial Militar, sempre que evidenciados indícios de crime...EPP - Total do Fornecedor R$ 4.700,00 Item 36 - com valor global de R$ 4.700,00 - CNPJ 03.961.467/0001-96...;
"{06957510000138} => {03961467000196}";0,0107227958697379;1;89,9285714285714;27;03961467000196+crimes+contra;https://www.jusbrasil.com.br/diarios/229762596/doepa-22-02-2019-pg-57?ref=serp;DOEPA 22/02/2019 - Pág. 57 - Diário Oficial do Estado do Pará;Contratantes: Ministério Público do Estado do Pará e a empresa MULTI QUADROS E VIDROS LTDA (CNPJ/MF sob nº 03.961.467/0001-96...Objeto de Investigação: Suposto crime de poluição sonora, provocado pelas atividades da of cina.;
"{06957510000138} => {03961467000196}";0,0107227958697379;1;89,9285714285714;27;03961467000196+crimes+contra;https://www.jusbrasil.com.br/diarios/36756059/doepa-caderno-5-08-05-2012-pg-4?ref=serp;DOEPA 08/05/2012 - Pág. 4 - Caderno 5 - Diário Oficial do Estado do Pará;EPP - Total do Fornecedor R$ 4.700,00 Item 36 - com valor global de R$ 4.700,00 - CNPJ 03.961.467/0001-96...PROCEDIMENTO INVESTIGATÓRIO CRIMINAL Nº 001/2011-MP/ PJSDA Assunto: Apurar eventual cometimento de crime;
"{06957510000138} => {03961467000196}";0,0107227958697379;1;89,9285714285714;27;03961467000196+crimes+contra;https://www.jusbrasil.com.br/diarios/49947729/dou-secao-3-18-01-2013-pg-189?ref=serp;DOU 18/01/2013 - Pág. 189 - Seção 3 - Diário Oficial da União;Institucional da Delegacia de Proteção Ambiental de Ilhéus - DPA, com vistas a prevenção e repressão de crimes...Vencedores: 02.634.469/0001-08, item 37; valor total R$ 790,00; 03.961.467/0001-96, item 34, valor total;
"{06957510000138} => {03961467000196}";0,0107227958697379;1;89,9285714285714;27;03961467000196+tcu;https://www.jusbrasil.com.br/diarios/131484990/dou-secao-3-24-11-2016-pg-13?ref=serp;DOU 24/11/2016 - Pág. 13 - Seção 3 - Diário Oficial da União;02.883.892/0001-41-BILENNIUM INFORMATICA E SERVICOS LTDA-EPP, itens 2 e 39, no valor de R$ 2.872,00; 03.961.467/0001-96...02.883.892/0001-41-BILENNIUM INFORMATICA E SERVICOS LTDA-EPP, itens 2 e 39, no valor de R$ 2.872,00; 03.961.467/0001-96...Fundamento Legal: Art. 25 da Lei nº 8.666 /1993,e Decisão n.º 656/1995 - Plenário TCU.;
"{06957510000138} => {03961467000196}";0,0107227958697379;1;89,9285714285714;27;03961467000196+tcu;https://www.jusbrasil.com.br/diarios/641519/pg-89-secao-3-diario-oficial-da-uniao-dou-de-20-06-2008?ref=serp;DOU 20/06/2008 - Pág. 89 - Seção 3 - Diário Oficial da União;Marca SPRINGER CARRIER  12  2.329,00  27.948,00  03.961.467/0001-96 - MULTI QUADROS E VIDROS LTDA....COMERCIO E SERVICOS LTDA -Objeto: Supressão do valor contratual, referente FGTS, conforme determinação do TCU;
"{06957510000138} => {03961467000196}";0,0107227958697379;1;89,9285714285714;27;03961467000196+tcu;https://www.jusbrasil.com.br/diarios/264655287/dosp-executivo-caderno-1-02-10-2019-pg-103?ref=serp;DOSP 02/10/2019 - Pág. 103 - Executivo - Caderno 1 - Diário Oficial do Estado de São Paulo;cotado, por item, de acordo com as especificações contidas na alínea "d", do preâmbulo deste Edital. 03961467000196...Diante da controvérsia existente entre STJ e TCU, bem como dos entendimentos doutrinários divergentes...TCU entende que tais penalidades se restringem ao;
"{06957510000138} => {03961467000196}";0,0107227958697379;1;89,9285714285714;27;03961467000196+tcu;https://www.jusbrasil.com.br/diarios/171352747/dou-secao-3-06-12-2017-pg-23?ref=serp;DOU 06/12/2017 - Pág. 23 - Seção 3 - Diário Oficial da União;supracitado, será instaurada a Tomada de Contas Especial na forma do art. 3º da Instrução Normativa TCU...CADIN, como dispõe o parágrafo 2º do art. 2º da Lei 10.522 /2002 e os incisos I e III do art. 15 da IN/TCU...COMERCIO E SERVICOS DE TELECOMUNICAÇÕES E INFORMA - 03.056.608/0001-26 MULTI QUADROS E VIDROS LTDA - EPP -03.961.467/0001-96...;
"{06957510000138} => {03961467000196}";0,0107227958697379;1;89,9285714285714;27;03961467000196+tcu;https://www.jusbrasil.com.br/diarios/264655288/dosp-executivo-caderno-1-02-10-2019-pg-104?ref=serp;DOSP 02/10/2019 - Pág. 104 - Executivo - Caderno 1 - Diário Oficial do Estado de São Paulo;Diante da controvérsia existente entre STJ e TCU, bem como dos entendimentos doutrinários divergentes...Portanto, em que pese o TCU, por meio de seus julgados mais recentes, entender que as sanções administrativas...propostas em ordem crescente de valores: Item 1: CNPJ/CPF - Licitante - Proposta - Enq. - Classificação 03961467000196...;
"{06957510000138} => {03961467000196}";0,0107227958697379;1;89,9285714285714;27;03961467000196+tcu;https://www.jusbrasil.com.br/diarios/103292724/dou-secao-3-30-10-2015-pg-42?ref=serp;DOU 30/10/2015 - Pág. 42 - Seção 3 - Diário Oficial da União;RECOSTARE - INDÚSTRIA DE CADEI-RAS LTDA EPP (03.669.040/0001-19); MULTI QUADROS E VIDROS LTDA - ME (03.961.467/0001-96...Contratação de serviços técnicos com natureza singular, enquadramento conforme decisão nº 439/1998 do TCU;
"{06957510000138} => {03961467000196}";0,0107227958697379;1;89,9285714285714;27;03961467000196+tcu;https://www.jusbrasil.com.br/diarios/33376775/dou-secao-3-23-12-2011-pg-344?ref=serp;DOU 23/12/2011 - Pág. 344 - Seção 3 - Diário Oficial da União;OBJETO: Aquisição, por meio de adesão à Ata de Registro de Preços nº 14/2011- TCU, de 36 Notebooks da...Após o atendimento às condições habilitatórias, sagraram-se vencedoras a Empresas MULTIQUADROS (CNPJ: 03.961.467/0001-96;
"{06957510000138} => {03961467000196}";0,0107227958697379;1;89,9285714285714;27;03961467000196+tcu;https://www.jusbrasil.com.br/diarios/131763685/dou-secao-3-28-11-2016-pg-123?ref=serp;DOU 28/11/2016 - Pág. 123 - Seção 3 - Diário Oficial da União;Temas Aplicados e Fundamentais Sobre Obras e Serviços de Engenharia e Acordo com o Entendimento do TCU...Gerências Executivas vinculadas, sendo vencedoras as empresas MULTI QUADROS E VIDROS LTDA-EPP, CNPJ 03.961.467/0001-96;
"{06177718000134,17451234000158} => {00761025000108}";0,0107227958697379;1;9,64750957854406;27;00761025000108+venha+ser+condenado;https://www.jusbrasil.com.br/diarios/89360689/dou-secao-3-09-04-2015-pg-21?ref=serp;DOU 09/04/2015 - Pág. 21 - Seção 3 - Diário Oficial da União;retornou à superfície rapidamente, chegando à embarcação de apoio, se queixando de dores do peito, vindo...Vindo porem a óbito, minutos antes da aterrissagem do avião em Manaus. DE ALMEIDA - MEI-tens (49, 50, 51, 82, 83, 125, 126, 129, 164, 194, e 213), Total R$ 122.308,6400; 00.761.025/0001-08...;
"{06177718000134,17451234000158} => {00761025000108}";0,0107227958697379;1;9,64750957854406;27;00761025000108+responsabilidade+penal;https://www.jusbrasil.com.br/diarios/154260279/dou-secao-3-24-07-2017-pg-80?ref=serp;DOU 24/07/2017 - Pág. 80 - Seção 3 - Diário Oficial da União;prazo de 06 (seis) meses - 01/06/2017 a 01/12/2017, à empresa Vendas Online Comercial LTDA -ME, CNPJ nº 00.761.025/0001-08...nos itens anteriores, deverá ser anexado ao formulário cópia de documento em que conste cláusula de responsabilidade...O requerente é responsável penal, cível e administrativamente pela veracidade das informações e dos documentos...;
"{06177718000134,17451234000158} => {00761025000108}";0,0107227958697379;1;9,64750957854406;27;00761025000108+tcu;https://www.jusbrasil.com.br/diarios/107779017/dou-secao-1-26-01-2016-pg-43?ref=serp;DOU 26/01/2016 - Pág. 43 - Seção 1 - Diário Oficial da União;Código eletrônico para localização na página do TCU na Internet: AC-0054-01/16-P. 13. ACÓRDÃO Nº 55/2016 - TCU - Plenário 1. Processo n. 00200.018384/2015-55, aplica à empresa VENDAS OLINE COMERCIAL LTDA. - ME, inscrita no CNPJ sob o nº 00.761.025/0001-08...;
"{06177718000134,17451234000158} => {00761025000108}";0,0107227958697379;1;9,64750957854406;27;00761025000108+tcu;https://www.jusbrasil.com.br/diarios/73459633/dou-secao-3-24-07-2014-pg-144?ref=serp;DOU 24/07/2014 - Pág. 144 - Seção 3 - Diário Oficial da União;. - ME; CNPJ: 00.761.025/0001-08. (www.tcu.gov.br> aba cidadão> serviços e consultas> Emissão de GRU). (www.tcu.gov.br> aba cidadão> serviços e consultas> Emissão de GRU).;
"{06177718000134,17451234000158} => {00761025000108}";0,0107227958697379;1;9,64750957854406;27;00761025000108+tcu;https://www.jusbrasil.com.br/diarios/108494904/dou-secao-1-04-02-2016-pg-122?ref=serp;DOU 04/02/2016 - Pág. 122 - Seção 1 - Diário Oficial da União;fundamentação legal do ato ora em análise, tendo em vista que se refere exclusivamente a servidores do TCU...Código eletrônico para localização na página do TCU na Internet: AC-0442-01/16-1. 13. 00200.019504/2015-31, aplica à empresa VENDAS ONLINE COMERCIAL LTDA - ME., inscrita no CNPJ sob o nº 00.761.025/0001-08...;
"{06177718000134,17451234000158} => {00761025000108}";0,0107227958697379;1;9,64750957854406;27;00761025000108+tcu;https://www.jusbrasil.com.br/diarios/94579609/dou-secao-3-25-06-2015-pg-12?ref=serp;DOU 25/06/2015 - Pág. 12 - Seção 3 - Diário Oficial da União;nº 008/BAFZ/2015, sendoclassificadas como vencedoras, no tocante aos itens, conforme abaixo: CNPJ: 00.761.025/0001-08...Justificativa: Inviabilidade de competição entre os interessados (Decisão TCU 656/95).;
"{06177718000134,17451234000158} => {00761025000108}";0,0107227958697379;1;9,64750957854406;27;00761025000108+tcu;https://www.jusbrasil.com.br/diarios/147444598/dou-secao-3-23-05-2017-pg-127?ref=serp;DOU 23/05/2017 - Pág. 127 - Seção 3 - Diário Oficial da União;Fundamento: Acórdão TCU nº 1.302/2013-Plenário , Acórdão TCU nº 2.714/2015- Plenário, e decisão do Diretor...Fundamento: Acórdão TCU nº 1.302/2013-Plenário , Acórdão TCU nº 2.714/2015- Plenário, e decisão do Diretor...Regional Eleitoral do Maranhão resolve aplicar à Empresa VENDAS ONLINE COMERCIAL LTDA - ME, CNPJ nº 00761025/0001-08...;
"{06177718000134,17451234000158} => {00761025000108}";0,0107227958697379;1;9,64750957854406;27;00761025000108+tcu;https://www.jusbrasil.com.br/diarios/75442994/dou-secao-3-25-08-2014-pg-27?ref=serp;DOU 25/08/2014 - Pág. 27 - Seção 3 - Diário Oficial da União;CNPJ: 00.562.049/0001-38, NOELI PATULSKI - EIRELI, o item 72, no valor total de R$ 1.378, 00; CNPJ: 00.761.025/0001-08...Justificativa: O ED nº 00324 do TCU dispõe que o credenciamento de OCS e PSA no sistema de saúde de servidores;
"{06177718000134,17451234000158} => {00761025000108}";0,0107227958697379;1;9,64750957854406;27;00761025000108+tcu;https://www.jusbrasil.com.br/diarios/106985583/dou-secao-3-12-01-2016-pg-121?ref=serp;DOU 12/01/2016 - Pág. 121 - Seção 3 - Diário Oficial da União;curso, in company, "Introdução à Governança Corporativa aplicada ao Setor Público: com base no Guia do TCU...aquisição de materiais elétricos, adjudicada em favor das empresas: VENDAS ONLINE COMERCIAL - ME, CNPJ n. 00.761.025/0001-08;
"{08398304000160,14801463000167} => {08573956000194}";0,011119936457506;1;42,6779661016949;28;08573956000194+execução+penal;https://www.jusbrasil.com.br/diarios/23516971/pg-90-secao-3-diario-oficial-da-uniao-dou-de-01-12-2010?ref=serp;DOU 01/12/2010 - Pág. 90 - Seção 3 - Diário Oficial da União;Objeto: Pregão Eletrônico - Prestação de serviços, sob regime de execução indireta e de natureza contínua...relacionada, para o respectivo item do objeto: Item 01- VR CONSULTORIA & SERVIÇOS GERAIS LTDA, CNPJ 08.573.956/0001-94...Jurídica (e reflexos); do Termo de Constatação e Verificação Fiscal; da Representação Fiscal para Fins Penais...;
"{08398304000160,14801463000167} => {08573956000194}";0,011119936457506;1;42,6779661016949;28;08573956000194+execução+penal;https://www.jusbrasil.com.br/diarios/24050567/pg-116-secao-3-diario-oficial-da-uniao-dou-de-07-01-2011?ref=serp;DOU 07/01/2011 - Pág. 116 - Seção 3 - Diário Oficial da União;Terrestres, cujo objeto é estabelecer cooperação técnica entre os partícipes, com vistas à coordenação e/ou execução...de ações integradas, destinadas à prevenção e repressão a ilícitos penais, bem como ao planejamento...Contratante: MINISTÉRIO DA JUSTIÇA -CNPJ Contratado: 08573956000194.;
"{08398304000160,14801463000167} => {08573956000194}";0,011119936457506;1;42,6779661016949;28;08573956000194+responsabilidade+penal;https://www.jusbrasil.com.br/diarios/156678419/dou-secao-3-14-08-2017-pg-112?ref=serp;DOU 14/08/2017 - Pág. 112 - Seção 3 - Diário Oficial da União;CNPJ Contratado: 08573956000194. Contratado : VR CONSULTORIA & SERVICOS GERAIS -EIRELI - EPP....nos itens anteriores, deverá ser anexado ao formulário cópia de documento em que conste cláusula de responsabilidade...O requerente é responsável penal, cível e administrativamente pela veracidade das informações e dos documentos...;
"{08398304000160,14801463000167} => {08573956000194}";0,011119936457506;1;42,6779661016949;28;08573956000194+tcu;https://www.jusbrasil.com.br/diarios/215304487/trt-21-judiciario-29-10-2018-pg-261?ref=serp;TRT-21 29/10/2018 - Pág. 261 - Judiciário - Tribunal Regional do Trabalho da 21ª Região;EDITAL PJe-JT DESTINATÁRIO: VR CONSULTORIA & SERVIÇOS GERAIS EIRELI - EPP, CNPJ: 08.573.956/0001-94 Fica...Foi determinado que a União comprovasse nos autos o depósito dos valores que foram retidos pelo TCU,;
"{08398304000160,14801463000167} => {08573956000194}";0,011119936457506;1;42,6779661016949;28;08573956000194+tcu;https://www.jusbrasil.com.br/diarios/215304505/trt-21-judiciario-29-10-2018-pg-279?ref=serp;TRT-21 29/10/2018 - Pág. 279 - Judiciário - Tribunal Regional do Trabalho da 21ª Região;MACEDO DE ARAUJO , HILIANE SOARES DE SOUZA REU: VR CONSULTORIA & SERVICOS GERAIS EIRELI - EPP, CNPJ: 08.573.956/0001-94...Foi determinado que a União comprovasse nos autos o depósito dos valores que foram retidos pelo TCU,;
"{08398304000160,14801463000167} => {08573956000194}";0,011119936457506;1;42,6779661016949;28;08573956000194+tcu;https://www.jusbrasil.com.br/diarios/207231723/dou-secao-3-05-09-2018-pg-169?ref=serp;DOU 05/09/2018 - Pág. 169 - Seção 3 - Diário Oficial da União;(www.tcu.gov.br> aba cidadão> serviços e consultas> Emissão de GRU). (www.tcu.gov.br> aba cidadão> serviços e consultas> Emissão de GRU). no Estado do Acre e a empresa VR Consultoria & Serviços Gerais Eireli - EPP - CNPJ 08.573.956/0001-94...;
"{08398304000160,14801463000167} => {08573956000194}";0,011119936457506;1;42,6779661016949;28;08573956000194+tcu;https://www.jusbrasil.com.br/diarios/25064223/pg-67-secao-3-diario-oficial-da-uniao-dou-de-28-02-2011?ref=serp;DOU 28/02/2011 - Pág. 67 - Seção 3 - Diário Oficial da União;55 V da Lei 8.666 /93; art. 5º do Decreto 2.271/91; arts. 37 a 41 da IN MPOG/SLTI 02/08; LC 101/00 e TCU...Contratante: MINISTÉRIO DA FAZENDA -CNPJ Contratado: 08573956000194. Contratante: MINISTÉRIO DA FAZENDA -CNPJ Contratado: 08573956000194.;
"{08398304000160,14801463000167} => {08573956000194}";0,011119936457506;1;42,6779661016949;28;08573956000194+tcu;https://trt-21.jusbrasil.com.br/jurisprudencia/670812854/rtord-3398920185210010/inteiro-teor-670812882?ref=serp;TRT-21 - Inteiro Teor. : RTOrd 3398920185210010;Decisão: DE SOUZA, GEORGE ARTHUR FERNANDES SILVEIRA REU: VR CONSULTORIA & SERVICOS GERAIS EIRELI - EPP, CNPJ: 08.573.956/0001-94...PEREIRA DA SILVA Reclamado: VR CONSULTORIA & SERVICOS GERAIS EIRELI - EPP Litisconsorte: UNIÃO FEDERAL (TCU...trabalhista em desfavor da ENTECO VR CONSULTORIA & SERVICOS GERAIS EIRELI - EPP e da UNIÃO FEDERAL (TCU...;01/02/2019
"{08398304000160,14801463000167} => {08573956000194}";0,011119936457506;1;42,6779661016949;28;08573956000194+tcu;https://www.jusbrasil.com.br/diarios/208139076/dou-secao-3-12-09-2018-pg-137?ref=serp;DOU 12/09/2018 - Pág. 137 - Seção 3 - Diário Oficial da União;Antônio Bunchaft, CPF: 641.810.905-82, do Acórdão 5263/2018 - TCU - Primeira Câmara, Sessão de 5/6/2018...18 e 23 , inciso II , da Lei 8.443 /1992 c/c os arts. 208 e 214, inciso II, do Regimento Interno do TCU...Contrato nº 02/2016, fica comunicada a empresa VR Consultoria e Serviços Gerais Eireli - EPP, CNPJ nº 08.573.956/0001-94...;
"{08398304000160,14801463000167} => {08573956000194}";0,011119936457506;1;42,6779661016949;28;08573956000194+tcu;https://trt-21.jusbrasil.com.br/jurisprudencia/643656934/rtord-3148820185210006/inteiro-teor-643659015?ref=serp;TRT-21 - Inteiro Teor. : RTOrd 3148820185210006;Decisão: MACEDO DE ARAUJO, HILIANE SOARES DE SOUZA REU: VR CONSULTORIA & SERVICOS GERAIS EIRELI - EPP, CNPJ: 08.573.956/0001-94...Foi determinado que a União comprovasse nos autos o depósito dos valores que foram retidos pelo TCU,...reclamada principal para exercer a função de Recepcionista, perante o Tribunal de Contas da União (TCU...;29/10/2018
"{08398304000160,14801463000167} => {08573956000194}";0,011119936457506;1;42,6779661016949;28;08573956000194+tcu;https://www.jusbrasil.com.br/diarios/128609538/dou-secao-3-19-10-2016-pg-132?ref=serp;DOU 19/10/2016 - Pág. 132 - Seção 3 - Diário Oficial da União;possíveis irregularidades em operação crédito para capital de giro, decidiu, conforme Acórdão 1927/2016 - TCU...julho de 1992, fica NOTIFICADO Hipérion de Oliveira Silva, CPF: 144.462.432-68, do Acórdão 9903/2016 - TCU...firmado em 04/10/2016, entre a SECEX/RN e a empresa VR CONSULTORIA & SERVIÇOS GERAIS EIRELI - EPP, CNPJ 08.573.956/0001-94...;
"{08398304000160,14801463000167} => {08573956000194}";0,011119936457506;1;42,6779661016949;28;08573956000194+tcu;https://www.jusbrasil.com.br/diarios/194964351/dou-secao-3-14-06-2018-pg-74?ref=serp;DOU 14/06/2018 - Pág. 74 - Seção 3 - Diário Oficial da União;doravante denominado SISTEMA; Modalidade: Inexigibilidade de Licitação nos termos do Acórdão 1705/2007 - TCU...CNPJ 08.573.956/0001-94, atualmente em lugar desconhecido, que tramita neste Órgão, e que culminou na;
"{08573956000194,14801463000167} => {08398304000160}";0,011119936457506;1;44,9642857142857;28;08398304000160+execução+penal;https://www.jusbrasil.com.br/diarios/160422272/dou-secao-3-13-09-2017-pg-133?ref=serp;DOU 13/09/2017 - Pág. 133 - Seção 3 - Diário Oficial da União;CNPJ/MF nº 04.903.587/0001-08, e Pará Serviços, construções e locação de mão de obra LTDA EPP, CNPJ nº 08.398.304/0001-60...PRAZO DE EXECUÇÃO: 12 meses, contados a partir da emissão da O.S. Ao proprietário cabe a responsabilidade nas esferas penal, cível e administrativa, pela veracidade das...;
"{08573956000194,14801463000167} => {08398304000160}";0,011119936457506;1;44,9642857142857;28;08398304000160+responsabilidade+penal;https://www.jusbrasil.com.br/diarios/160422272/dou-secao-3-13-09-2017-pg-133?ref=serp;DOU 13/09/2017 - Pág. 133 - Seção 3 - Diário Oficial da União;CNPJ/MF nº 04.903.587/0001-08, e Pará Serviços, construções e locação de mão de obra LTDA EPP, CNPJ nº 08.398.304/0001-60...Ao proprietário cabe a responsabilidade nas esferas penal, cível e administrativa, pela veracidade das;
"{08573956000194,14801463000167} => {08398304000160}";0,011119936457506;1;44,9642857142857;28;08398304000160+tcu;https://www.jusbrasil.com.br/diarios/252105981/dou-secao-3-18-07-2019-pg-52?ref=serp;DOU 18/07/2019 - Pág. 52 - Seção 3 - Diário Oficial da União;10.783.898/0001-75, notifica a empresa PARA SERVIÇOS, CONSTRUÇOES E LOCAÇÃO DE MAO DE OBRA LTDA.EPP, CNPJ 08.398.304/0001-60...A inobservância à esta notificação ensejará o encaminhamento da TCE ao TCU e o registro do dos responsáveis...A inobservância à esta notificação ensejará o encaminhamento da TCE ao TCU e o registro do dos responsáveis...;
"{08573956000194,14801463000167} => {08398304000160}";0,011119936457506;1;44,9642857142857;28;08398304000160+tcu;https://www.jusbrasil.com.br/diarios/129927771/dou-secao-3-07-11-2016-pg-114?ref=serp;DOU 07/11/2016 - Pág. 114 - Seção 3 - Diário Oficial da União;Fundamento Legal: Art. 51, da Lei nº 5.245/91, ON AGU nº 6/2009, Acórdão TCU nº 1.127/2009-Plenário....CNPJ Contratado: 08398304000160.;
"{17930162000121,55741110000104} => {13440815000133}";0,011119936457506;1;45,7818181818182;28;13440815000133+execução+penal;https://www.jusbrasil.com.br/diarios/242350923/doerr-17-05-2019-pg-21?ref=serp;DOERR 17/05/2019 - Pág. 21 - Diário Oficial do Estado de Roraima;CONTRATAÇÃO DE EMPRESA (S) ESPECIALIZADA (S) EM OBRAS E REGISTRO DE PREÇOS SERVIÇOS DE ENGENHARIA, PARA EXECUÇÃO...94, 95, 116 e 178 18.744,10 04 13.213.516/0001-66 - SAINT VALLEN BIOTECNOLOGIA LTDA 179 1.821,20 05 13.440.815/0001-33...no Código de Data de Abertura e Início da Disputa: 03/06/2019 – 09hs:00min (horário local)? Processo Penal...;
"{17930162000121,55741110000104} => {13440815000133}";0,011119936457506;1;45,7818181818182;28;13440815000133+execução+penal;https://www.jusbrasil.com.br/diarios/268513438/dou-secao-3-25-10-2019-pg-244?ref=serp;DOU 25/10/2019 - Pág. 244 - Seção 3 - Diário Oficial da União;HOMOLOGAÇÃO Processo Licitatório Nº 010/2019- CELOSE; Objeto contratação de empresa de engenharia para execução...Termo de Colaboração, com a finalidade de contribuir para a Implementação da Central de Alternativas Penais...NORTE-FUERN (08.258.295/0001-02) e AZLAB EQUIPAMENTOS E SUPRIMENTOS PARA LABORATÓRIOS E HOSPITAIS LTDA (13.440.815/0001-33...;
"{17930162000121,55741110000104} => {13440815000133}";0,011119936457506;1;45,7818181818182;28;13440815000133+execução+penal;https://www.jusbrasil.com.br/diarios/105488837/dom-sp-normal-02-12-2015-pg-92?ref=serp;DOM-SP 02/12/2015 - Pág. 92 - Normal - Diário Oficial do Município de São Paulo;em cujo Anexo deverá constar as seguintes disposições: “Sem prejuízo das sanções administrativas e penais...Para a execução deste contrato, nenhuma das partes poderá oferecer, dar ou se comprometer a dar a quem...ajuste e com fundamento no art. 87 , II da Lei Federal nº 8.666 /93, tendo em vista a ocorrência na execução...;
"{17930162000121,55741110000104} => {13440815000133}";0,011119936457506;1;45,7818181818182;28;13440815000133+crimes+contra;https://www.jusbrasil.com.br/diarios/270636705/doern-05-06-2019-pg-25?ref=serp;DOERN 05/06/2019 - Pág. 25 - Diário Oficial do Estado do Rio Grande do Norte;E HOPITAIS LTDA 13.440.815/0001-33 3. 2.900,00 TOTAL GERAL 22.098,50 Natal/RN, 04 de junho de 2019....União e do Estado onde tenha residido nos últimos 05 (cinco) anos; XI - Declaração de não ter cometido crime...União e do Estado onde tenha residido nos últimos 05 (cinco) anos; XI - Declaração de não ter cometido crime...;
"{17930162000121,55741110000104} => {13440815000133}";0,011119936457506;1;45,7818181818182;28;13440815000133+crimes+contra;https://www.jusbrasil.com.br/diarios/84484994/dou-secao-3-26-01-2015-pg-39?ref=serp;DOU 26/01/2015 - Pág. 39 - Seção 3 - Diário Oficial da União;CNPJ Contratado: 13440815000133. isenção serão de inteira responsabilidade do candidato, podendo responder este, a qualquer momento, por crime;
"{17930162000121,55741110000104} => {13440815000133}";0,011119936457506;1;45,7818181818182;28;13440815000133+crimes+contra;https://www.jusbrasil.com.br/diarios/250406260/dou-secao-3-05-07-2019-pg-231?ref=serp;DOU 05/07/2019 - Pág. 231 - Seção 3 - Diário Oficial da União;6.059,00; Itens 2, 3, 6, 8, 10 e 12 a empresa AZLAB EQUIPAMENTOS E SUPRIMENTOS PARA LABORATORIOS E HO (13.440.815/0001-33...01; 25/04/2019; ALTERAÇÃO PRAZO DE PRESTAÇÃO DE CONTAS / MOVIOCA SALVADOR PRODUÇÕES ARTÍSTICAS LTDA; CRIMES;
"{17930162000121,55741110000104} => {13440815000133}";0,011119936457506;1;45,7818181818182;28;13440815000133+tcu;https://www.jusbrasil.com.br/diarios/260645090/dou-secao-3-09-09-2019-pg-57?ref=serp;DOU 09/09/2019 - Pág. 57 - Seção 3 - Diário Oficial da União;Informativo de créditos não quitados do setor público federal - Cadin, nos termos da Instrução Normativa TCU...02.257.207/0001-71, Valor Total R$ 6.000,00; Azlab Equipamentos e Suprimentos para Laboratório, CNPJ 13.440.815/0001-33;
"{17930162000121,55741110000104} => {13440815000133}";0,011119936457506;1;45,7818181818182;28;13440815000133+tcu;https://www.jusbrasil.com.br/diarios/98954969/dou-secao-3-31-08-2015-pg-70?ref=serp;DOU 31/08/2015 - Pág. 70 - Seção 3 - Diário Oficial da União;valor global de R$ 210,00; Azlab Equipamentos e Suprimentos para Laboratórios e Hospitais Ltda, CNPJ: 13.440.815/0001-33...Lei 8.666 /93, Lei 8.958 /94, Decreto 7.423/10, Decreto 8.241 /14, Resolução 28 /11, Acórdão 2.731/08-TCU;
"{17930162000121,55741110000104} => {13440815000133}";0,011119936457506;1;45,7818181818182;28;13440815000133+tcu;https://www.jusbrasil.com.br/diarios/130211183/dou-secao-3-09-11-2016-pg-67?ref=serp;DOU 09/11/2016 - Pág. 67 - Seção 3 - Diário Oficial da União;CNPJ: 13.440.815/0001-33 - AZLAB EQUIPAMENTOS E SUPRIMENTOS LABORATORIOS E HOSP. temas aplicados e fundamentais sobre obras e serviços de engenharia de acordo com o entendimento do TCU;
"{17930162000121,55741110000104} => {13440815000133}";0,011119936457506;1;45,7818181818182;28;13440815000133+tcu;https://www.jusbrasil.com.br/diarios/121789870/dou-secao-3-01-08-2016-pg-50?ref=serp;DOU 01/08/2016 - Pág. 50 - Seção 3 - Diário Oficial da União;nove reais e noventa e nove centavos); AZLAB EQUIPAMENTOS E SUPRIMENTOS PARA LABORATORIOS E HO, CNPJ: 13.440.815/0001-33...12/2004, que regulamenta as Leis n. 10.048-8, de 08/11/2000 e 10.098 , de 19/12/2000 e do Acórdão do TCU;
"{13440815000133,55741110000104} => {17930162000121}";0,011119936457506;1;45,7818181818182;28;17930162000121+execução+penal;https://www.jusbrasil.com.br/diarios/71899307/dou-secao-3-17-06-2014-pg-57?ref=serp;DOU 17/06/2014 - Pág. 57 - Seção 3 - Diário Oficial da União;eletrônico www.unifap.br/depsec. 16.3 Anular-se-á sumariamente, sem prejuízo de eventuais sanções de caráter penal...Laboratoriais, CNPJ 17.930.162/0001-21; ITEM 02: K. C.R. COMER. DE EQUIP. fornecedores, queriam por gentileza ler atentamente o edital para ter conhecimentos das condições e forma da execução...;
"{13440815000133,55741110000104} => {17930162000121}";0,011119936457506;1;45,7818181818182;28;17930162000121+execução+penal;https://www.jusbrasil.com.br/diarios/194769576/dou-secao-3-13-06-2018-pg-8?ref=serp;DOU 13/06/2018 - Pág. 8 - Seção 3 - Diário Oficial da União;Lab.Ltda, CNPJ-17.930.162/0001-21; Itens:5,6,12,13,20,43,71,73,74,75,76,77 =R$ 3.053,00; ATA-45/2017-...Penais e Corregedoria dos Presídios do Estado de Sergipe, para desempenhar atividades de manutenção...CNPJ CONTRATADA : 08.698.545/0001-25 CONSELHODA COMUNIDADE NA EXECUÇÃO PENAL - CCEP.;
"{13440815000133,55741110000104} => {17930162000121}";0,011119936457506;1;45,7818181818182;28;17930162000121+responsabilidade+penal;https://www.jusbrasil.com.br/diarios/219255528/doema-terceiros-27-11-2018-pg-18?ref=serp;DOEMA 27/11/2018 - Pág. 18 - Terceiros - Diário Oficial do Estado do Maranhão;30 120 5000 R$ 20.000,00 contra crianças e adolescentes: a situação de violência à luz da legislação penal...Responsabilidades do Conselho tutelar e demais órgão do sistema de garantia de direitos. 4 30 120 5000...jurídicos: ITEM EMPRESA VENCEDORA 18 NATIVA LAB PRODUTOS LABORATORIAIS VALOR R$ 4.200,00 LTDA-ME CNPJ – 17.930.162/0001-21...;
"{13440815000133,55741110000104} => {17930162000121}";0,011119936457506;1;45,7818181818182;28;17930162000121+crimes+contra;https://www.jusbrasil.com.br/diarios/232916956/doero-18-03-2019-pg-27?ref=serp;DOERO 18/03/2019 - Pág. 27 - Diário Oficial do Estado de Rondônia;ESTADO DE RONDÔNIA, ATRAVÉS DA SESDEC CONTRATADA: NATIVA LAB PRODUTOS LABORATORIAIS EIRELI CNPJ/MF nº. 17.930.162/0001-21...Criminal no Estado de Rondônia, que visa à produção de prova técnico-científica para esclarecimento de crimes;
"{13440815000133,55741110000104} => {17930162000121}";0,011119936457506;1;45,7818181818182;28;17930162000121+crimes+contra;https://www.jusbrasil.com.br/diarios/212306032/dou-secao-3-09-10-2018-pg-67?ref=serp;DOU 09/10/2018 - Pág. 67 - Seção 3 - Diário Oficial da União;Fornecedor: 17.930.162/0001-21 - NATIVA LAB PRODUTOS LABORATORIAIS EIRELI. qualquer momento, no caso de serem prestadas informações inverídicas ou utilizados documentos falsos, por crime;
"{13440815000133,55741110000104} => {17930162000121}";0,011119936457506;1;45,7818181818182;28;17930162000121+crimes+contra;https://www.jusbrasil.com.br/diarios/199307753/dou-secao-3-16-07-2018-pg-64?ref=serp;DOU 16/07/2018 - Pág. 64 - Seção 3 - Diário Oficial da União;CNPJ: 17.930.162/0001-21 - NATIVA LAB PRODUTOS LABORATORIAIS LTDA. Resumo do Objeto: Desenvolvimento de um projeto modelo, relacionado a prevenção aos riscos e crimes sexuais;
"{13440815000133,55741110000104} => {17930162000121}";0,011119936457506;1;45,7818181818182;28;17930162000121+tcu;https://www.jusbrasil.com.br/diarios/179092506/dou-secao-3-26-02-2018-pg-103?ref=serp;DOU 26/02/2018 - Pág. 103 - Seção 3 - Diário Oficial da União;implicará na inscrição da responsabilidade no SIAFI e CADIN, com posterior envio do referido processo ao TCU...implicará na inscrição da responsabilidade no SIAFI e CADIN, com posterior envio do referido processo ao TCU...Produtos Laboratoriais LTDA - ME, CNPJ nº 17.930.162/0001-21, para o item 7, no valor total de R$ 10.400,00...;
"{13440815000133,55741110000104} => {17930162000121}";0,011119936457506;1;45,7818181818182;28;17930162000121+tcu;https://www.jusbrasil.com.br/diarios/189611119/dou-secao-3-09-05-2018-pg-81?ref=serp;DOU 09/05/2018 - Pág. 81 - Seção 3 - Diário Oficial da União;na mesma localidade do exercício do cargo concursado neste edital, em obséquio à Decisão Normativa/TCU...nº 212/1998 e no Acórdão /TCU/ nº 569/2006-Plenário, processo nº TC-005.514/2004-9. 12.4 Novas vagas...15.188.525/0001-70, item 26, no valor total de R$ 5.535,00; NATIVA LAB PRODUTOS LABORATORIAIS LTDA-ME, CNPJ 17.930.162/0001-21...;
"{13440815000133,55741110000104} => {17930162000121}";0,011119936457506;1;45,7818181818182;28;17930162000121+tcu;https://www.jusbrasil.com.br/diarios/215874041/dou-secao-3-01-11-2018-pg-52?ref=serp;DOU 01/11/2018 - Pág. 52 - Seção 3 - Diário Oficial da União;NATIVA LAB PRODUTOS LABORATORIAIS EIRELI, CNPJ 17.930.162/0001-21, Ata 8/2018-9, valor unitário para...Justificativa: Necessidade de fornecimento de energia elétrica amparada pelo item 9.3.4 do Acórdão TCU;
"{13440815000133,55741110000104} => {17930162000121}";0,011119936457506;1;45,7818181818182;28;17930162000121+tcu;https://www.jusbrasil.com.br/diarios/73526126/dou-secao-3-25-07-2014-pg-57?ref=serp;DOU 25/07/2014 - Pág. 57 - Seção 3 - Diário Oficial da União;CNPJ nº 09.593.438/ 0001-03; Item 11 (R$ 720,00); NATIVA LAB PRODUTOS LABORATORIAIS LTDA - CNPJ nº 17.930.162/0001-21...Fundamento Legal: § 8º do Art. 65 , da Lei 8666 /93, c/c Acórdão nº 976 /2005-TCU.;
"{08398304000160,15121468000101} => {08573956000194}";0,0131056393963463;1;42,6779661016949;33;08573956000194+execução+penal;https://www.jusbrasil.com.br/diarios/23516971/pg-90-secao-3-diario-oficial-da-uniao-dou-de-01-12-2010?ref=serp;DOU 01/12/2010 - Pág. 90 - Seção 3 - Diário Oficial da União;Objeto: Pregão Eletrônico - Prestação de serviços, sob regime de execução indireta e de natureza contínua...relacionada, para o respectivo item do objeto: Item 01- VR CONSULTORIA & SERVIÇOS GERAIS LTDA, CNPJ 08.573.956/0001-94...Jurídica (e reflexos); do Termo de Constatação e Verificação Fiscal; da Representação Fiscal para Fins Penais...;
"{08398304000160,15121468000101} => {08573956000194}";0,0131056393963463;1;42,6779661016949;33;08573956000194+execução+penal;https://www.jusbrasil.com.br/diarios/24050567/pg-116-secao-3-diario-oficial-da-uniao-dou-de-07-01-2011?ref=serp;DOU 07/01/2011 - Pág. 116 - Seção 3 - Diário Oficial da União;Terrestres, cujo objeto é estabelecer cooperação técnica entre os partícipes, com vistas à coordenação e/ou execução...de ações integradas, destinadas à prevenção e repressão a ilícitos penais, bem como ao planejamento...Contratante: MINISTÉRIO DA JUSTIÇA -CNPJ Contratado: 08573956000194.;
"{08398304000160,15121468000101} => {08573956000194}";0,0131056393963463;1;42,6779661016949;33;08573956000194+responsabilidade+penal;https://www.jusbrasil.com.br/diarios/156678419/dou-secao-3-14-08-2017-pg-112?ref=serp;DOU 14/08/2017 - Pág. 112 - Seção 3 - Diário Oficial da União;CNPJ Contratado: 08573956000194. Contratado : VR CONSULTORIA & SERVICOS GERAIS -EIRELI - EPP....nos itens anteriores, deverá ser anexado ao formulário cópia de documento em que conste cláusula de responsabilidade...O requerente é responsável penal, cível e administrativamente pela veracidade das informações e dos documentos...;
"{08398304000160,15121468000101} => {08573956000194}";0,0131056393963463;1;42,6779661016949;33;08573956000194+tcu;https://www.jusbrasil.com.br/diarios/215304487/trt-21-judiciario-29-10-2018-pg-261?ref=serp;TRT-21 29/10/2018 - Pág. 261 - Judiciário - Tribunal Regional do Trabalho da 21ª Região;EDITAL PJe-JT DESTINATÁRIO: VR CONSULTORIA & SERVIÇOS GERAIS EIRELI - EPP, CNPJ: 08.573.956/0001-94 Fica...Foi determinado que a União comprovasse nos autos o depósito dos valores que foram retidos pelo TCU,;
"{08398304000160,15121468000101} => {08573956000194}";0,0131056393963463;1;42,6779661016949;33;08573956000194+tcu;https://www.jusbrasil.com.br/diarios/215304505/trt-21-judiciario-29-10-2018-pg-279?ref=serp;TRT-21 29/10/2018 - Pág. 279 - Judiciário - Tribunal Regional do Trabalho da 21ª Região;MACEDO DE ARAUJO , HILIANE SOARES DE SOUZA REU: VR CONSULTORIA & SERVICOS GERAIS EIRELI - EPP, CNPJ: 08.573.956/0001-94...Foi determinado que a União comprovasse nos autos o depósito dos valores que foram retidos pelo TCU,;
"{08398304000160,15121468000101} => {08573956000194}";0,0131056393963463;1;42,6779661016949;33;08573956000194+tcu;https://www.jusbrasil.com.br/diarios/207231723/dou-secao-3-05-09-2018-pg-169?ref=serp;DOU 05/09/2018 - Pág. 169 - Seção 3 - Diário Oficial da União;(www.tcu.gov.br> aba cidadão> serviços e consultas> Emissão de GRU). (www.tcu.gov.br> aba cidadão> serviços e consultas> Emissão de GRU). no Estado do Acre e a empresa VR Consultoria & Serviços Gerais Eireli - EPP - CNPJ 08.573.956/0001-94...;
"{08398304000160,15121468000101} => {08573956000194}";0,0131056393963463;1;42,6779661016949;33;08573956000194+tcu;https://www.jusbrasil.com.br/diarios/25064223/pg-67-secao-3-diario-oficial-da-uniao-dou-de-28-02-2011?ref=serp;DOU 28/02/2011 - Pág. 67 - Seção 3 - Diário Oficial da União;55 V da Lei 8.666 /93; art. 5º do Decreto 2.271/91; arts. 37 a 41 da IN MPOG/SLTI 02/08; LC 101/00 e TCU...Contratante: MINISTÉRIO DA FAZENDA -CNPJ Contratado: 08573956000194. Contratante: MINISTÉRIO DA FAZENDA -CNPJ Contratado: 08573956000194.;
"{08398304000160,15121468000101} => {08573956000194}";0,0131056393963463;1;42,6779661016949;33;08573956000194+tcu;https://trt-21.jusbrasil.com.br/jurisprudencia/670812854/rtord-3398920185210010/inteiro-teor-670812882?ref=serp;TRT-21 - Inteiro Teor. : RTOrd 3398920185210010;Decisão: DE SOUZA, GEORGE ARTHUR FERNANDES SILVEIRA REU: VR CONSULTORIA & SERVICOS GERAIS EIRELI - EPP, CNPJ: 08.573.956/0001-94...PEREIRA DA SILVA Reclamado: VR CONSULTORIA & SERVICOS GERAIS EIRELI - EPP Litisconsorte: UNIÃO FEDERAL (TCU...trabalhista em desfavor da ENTECO VR CONSULTORIA & SERVICOS GERAIS EIRELI - EPP e da UNIÃO FEDERAL (TCU...;01/02/2019
"{08398304000160,15121468000101} => {08573956000194}";0,0131056393963463;1;42,6779661016949;33;08573956000194+tcu;https://www.jusbrasil.com.br/diarios/208139076/dou-secao-3-12-09-2018-pg-137?ref=serp;DOU 12/09/2018 - Pág. 137 - Seção 3 - Diário Oficial da União;Antônio Bunchaft, CPF: 641.810.905-82, do Acórdão 5263/2018 - TCU - Primeira Câmara, Sessão de 5/6/2018...18 e 23 , inciso II , da Lei 8.443 /1992 c/c os arts. 208 e 214, inciso II, do Regimento Interno do TCU...Contrato nº 02/2016, fica comunicada a empresa VR Consultoria e Serviços Gerais Eireli - EPP, CNPJ nº 08.573.956/0001-94...;
"{08398304000160,15121468000101} => {08573956000194}";0,0131056393963463;1;42,6779661016949;33;08573956000194+tcu;https://trt-21.jusbrasil.com.br/jurisprudencia/643656934/rtord-3148820185210006/inteiro-teor-643659015?ref=serp;TRT-21 - Inteiro Teor. : RTOrd 3148820185210006;Decisão: MACEDO DE ARAUJO, HILIANE SOARES DE SOUZA REU: VR CONSULTORIA & SERVICOS GERAIS EIRELI - EPP, CNPJ: 08.573.956/0001-94...Foi determinado que a União comprovasse nos autos o depósito dos valores que foram retidos pelo TCU,...reclamada principal para exercer a função de Recepcionista, perante o Tribunal de Contas da União (TCU...;29/10/2018
"{08398304000160,15121468000101} => {08573956000194}";0,0131056393963463;1;42,6779661016949;33;08573956000194+tcu;https://www.jusbrasil.com.br/diarios/128609538/dou-secao-3-19-10-2016-pg-132?ref=serp;DOU 19/10/2016 - Pág. 132 - Seção 3 - Diário Oficial da União;possíveis irregularidades em operação crédito para capital de giro, decidiu, conforme Acórdão 1927/2016 - TCU...julho de 1992, fica NOTIFICADO Hipérion de Oliveira Silva, CPF: 144.462.432-68, do Acórdão 9903/2016 - TCU...firmado em 04/10/2016, entre a SECEX/RN e a empresa VR CONSULTORIA & SERVIÇOS GERAIS EIRELI - EPP, CNPJ 08.573.956/0001-94...;
"{08398304000160,15121468000101} => {08573956000194}";0,0131056393963463;1;42,6779661016949;33;08573956000194+tcu;https://www.jusbrasil.com.br/diarios/194964351/dou-secao-3-14-06-2018-pg-74?ref=serp;DOU 14/06/2018 - Pág. 74 - Seção 3 - Diário Oficial da União;doravante denominado SISTEMA; Modalidade: Inexigibilidade de Licitação nos termos do Acórdão 1705/2007 - TCU...CNPJ 08.573.956/0001-94, atualmente em lugar desconhecido, que tramita neste Órgão, e que culminou na;
"{00482840000138,08398304000160} => {08573956000194}";0,0131056393963463;1;42,6779661016949;33;08573956000194+execução+penal;https://www.jusbrasil.com.br/diarios/23516971/pg-90-secao-3-diario-oficial-da-uniao-dou-de-01-12-2010?ref=serp;DOU 01/12/2010 - Pág. 90 - Seção 3 - Diário Oficial da União;Objeto: Pregão Eletrônico - Prestação de serviços, sob regime de execução indireta e de natureza contínua...relacionada, para o respectivo item do objeto: Item 01- VR CONSULTORIA & SERVIÇOS GERAIS LTDA, CNPJ 08.573.956/0001-94...Jurídica (e reflexos); do Termo de Constatação e Verificação Fiscal; da Representação Fiscal para Fins Penais...;
"{00482840000138,08398304000160} => {08573956000194}";0,0131056393963463;1;42,6779661016949;33;08573956000194+execução+penal;https://www.jusbrasil.com.br/diarios/24050567/pg-116-secao-3-diario-oficial-da-uniao-dou-de-07-01-2011?ref=serp;DOU 07/01/2011 - Pág. 116 - Seção 3 - Diário Oficial da União;Terrestres, cujo objeto é estabelecer cooperação técnica entre os partícipes, com vistas à coordenação e/ou execução...de ações integradas, destinadas à prevenção e repressão a ilícitos penais, bem como ao planejamento...Contratante: MINISTÉRIO DA JUSTIÇA -CNPJ Contratado: 08573956000194.;
"{00482840000138,08398304000160} => {08573956000194}";0,0131056393963463;1;42,6779661016949;33;08573956000194+responsabilidade+penal;https://www.jusbrasil.com.br/diarios/156678419/dou-secao-3-14-08-2017-pg-112?ref=serp;DOU 14/08/2017 - Pág. 112 - Seção 3 - Diário Oficial da União;CNPJ Contratado: 08573956000194. Contratado : VR CONSULTORIA & SERVICOS GERAIS -EIRELI - EPP....nos itens anteriores, deverá ser anexado ao formulário cópia de documento em que conste cláusula de responsabilidade...O requerente é responsável penal, cível e administrativamente pela veracidade das informações e dos documentos...;
"{00482840000138,08398304000160} => {08573956000194}";0,0131056393963463;1;42,6779661016949;33;08573956000194+tcu;https://www.jusbrasil.com.br/diarios/215304487/trt-21-judiciario-29-10-2018-pg-261?ref=serp;TRT-21 29/10/2018 - Pág. 261 - Judiciário - Tribunal Regional do Trabalho da 21ª Região;EDITAL PJe-JT DESTINATÁRIO: VR CONSULTORIA & SERVIÇOS GERAIS EIRELI - EPP, CNPJ: 08.573.956/0001-94 Fica...Foi determinado que a União comprovasse nos autos o depósito dos valores que foram retidos pelo TCU,;
"{00482840000138,08398304000160} => {08573956000194}";0,0131056393963463;1;42,6779661016949;33;08573956000194+tcu;https://www.jusbrasil.com.br/diarios/215304505/trt-21-judiciario-29-10-2018-pg-279?ref=serp;TRT-21 29/10/2018 - Pág. 279 - Judiciário - Tribunal Regional do Trabalho da 21ª Região;MACEDO DE ARAUJO , HILIANE SOARES DE SOUZA REU: VR CONSULTORIA & SERVICOS GERAIS EIRELI - EPP, CNPJ: 08.573.956/0001-94...Foi determinado que a União comprovasse nos autos o depósito dos valores que foram retidos pelo TCU,;
"{00482840000138,08398304000160} => {08573956000194}";0,0131056393963463;1;42,6779661016949;33;08573956000194+tcu;https://www.jusbrasil.com.br/diarios/207231723/dou-secao-3-05-09-2018-pg-169?ref=serp;DOU 05/09/2018 - Pág. 169 - Seção 3 - Diário Oficial da União;(www.tcu.gov.br> aba cidadão> serviços e consultas> Emissão de GRU). (www.tcu.gov.br> aba cidadão> serviços e consultas> Emissão de GRU). no Estado do Acre e a empresa VR Consultoria & Serviços Gerais Eireli - EPP - CNPJ 08.573.956/0001-94...;
"{00482840000138,08398304000160} => {08573956000194}";0,0131056393963463;1;42,6779661016949;33;08573956000194+tcu;https://www.jusbrasil.com.br/diarios/25064223/pg-67-secao-3-diario-oficial-da-uniao-dou-de-28-02-2011?ref=serp;DOU 28/02/2011 - Pág. 67 - Seção 3 - Diário Oficial da União;55 V da Lei 8.666 /93; art. 5º do Decreto 2.271/91; arts. 37 a 41 da IN MPOG/SLTI 02/08; LC 101/00 e TCU...Contratante: MINISTÉRIO DA FAZENDA -CNPJ Contratado: 08573956000194. Contratante: MINISTÉRIO DA FAZENDA -CNPJ Contratado: 08573956000194.;
"{00482840000138,08398304000160} => {08573956000194}";0,0131056393963463;1;42,6779661016949;33;08573956000194+tcu;https://trt-21.jusbrasil.com.br/jurisprudencia/670812854/rtord-3398920185210010/inteiro-teor-670812882?ref=serp;TRT-21 - Inteiro Teor. : RTOrd 3398920185210010;Decisão: DE SOUZA, GEORGE ARTHUR FERNANDES SILVEIRA REU: VR CONSULTORIA & SERVICOS GERAIS EIRELI - EPP, CNPJ: 08.573.956/0001-94...PEREIRA DA SILVA Reclamado: VR CONSULTORIA & SERVICOS GERAIS EIRELI - EPP Litisconsorte: UNIÃO FEDERAL (TCU...trabalhista em desfavor da ENTECO VR CONSULTORIA & SERVICOS GERAIS EIRELI - EPP e da UNIÃO FEDERAL (TCU...;01/02/2019
"{00482840000138,08398304000160} => {08573956000194}";0,0131056393963463;1;42,6779661016949;33;08573956000194+tcu;https://www.jusbrasil.com.br/diarios/208139076/dou-secao-3-12-09-2018-pg-137?ref=serp;DOU 12/09/2018 - Pág. 137 - Seção 3 - Diário Oficial da União;Antônio Bunchaft, CPF: 641.810.905-82, do Acórdão 5263/2018 - TCU - Primeira Câmara, Sessão de 5/6/2018...18 e 23 , inciso II , da Lei 8.443 /1992 c/c os arts. 208 e 214, inciso II, do Regimento Interno do TCU...Contrato nº 02/2016, fica comunicada a empresa VR Consultoria e Serviços Gerais Eireli - EPP, CNPJ nº 08.573.956/0001-94...;
"{00482840000138,08398304000160} => {08573956000194}";0,0131056393963463;1;42,6779661016949;33;08573956000194+tcu;https://trt-21.jusbrasil.com.br/jurisprudencia/643656934/rtord-3148820185210006/inteiro-teor-643659015?ref=serp;TRT-21 - Inteiro Teor. : RTOrd 3148820185210006;Decisão: MACEDO DE ARAUJO, HILIANE SOARES DE SOUZA REU: VR CONSULTORIA & SERVICOS GERAIS EIRELI - EPP, CNPJ: 08.573.956/0001-94...Foi determinado que a União comprovasse nos autos o depósito dos valores que foram retidos pelo TCU,...reclamada principal para exercer a função de Recepcionista, perante o Tribunal de Contas da União (TCU...;29/10/2018
"{00482840000138,08398304000160} => {08573956000194}";0,0131056393963463;1;42,6779661016949;33;08573956000194+tcu;https://www.jusbrasil.com.br/diarios/128609538/dou-secao-3-19-10-2016-pg-132?ref=serp;DOU 19/10/2016 - Pág. 132 - Seção 3 - Diário Oficial da União;possíveis irregularidades em operação crédito para capital de giro, decidiu, conforme Acórdão 1927/2016 - TCU...julho de 1992, fica NOTIFICADO Hipérion de Oliveira Silva, CPF: 144.462.432-68, do Acórdão 9903/2016 - TCU...firmado em 04/10/2016, entre a SECEX/RN e a empresa VR CONSULTORIA & SERVIÇOS GERAIS EIRELI - EPP, CNPJ 08.573.956/0001-94...;
"{00482840000138,08398304000160} => {08573956000194}";0,0131056393963463;1;42,6779661016949;33;08573956000194+tcu;https://www.jusbrasil.com.br/diarios/194964351/dou-secao-3-14-06-2018-pg-74?ref=serp;DOU 14/06/2018 - Pág. 74 - Seção 3 - Diário Oficial da União;doravante denominado SISTEMA; Modalidade: Inexigibilidade de Licitação nos termos do Acórdão 1705/2007 - TCU...CNPJ 08.573.956/0001-94, atualmente em lugar desconhecido, que tramita neste Órgão, e que culminou na;
"{08691984000106} => {16701048000167}";0,0135027799841144;1;74,0588235294118;34;16701048000167+tcu;https://www.jusbrasil.com.br/diarios/213420652/dou-secao-3-17-10-2018-pg-14?ref=serp;DOU 17/10/2018 - Pág. 14 - Seção 3 - Diário Oficial da União;prazo supracitado, será instaurada Tomada de Contas Especial na forma do art. 3º da Instrução Normativa TCU...pelo art. 8º da Lei nº 8.443 , de 16 de julho de 1992, nos termos do art. 3º da Instrução Normativa/TCU...MENDES DE LIRA15.138.918/0001-79 ONIX DO BRASIL EIRELI16.701.048/0001-67 BOING COMERCIO ATACADISTA DE...;
"{08691984000106} => {16701048000167}";0,0135027799841144;1;74,0588235294118;34;16701048000167+tcu;https://www.jusbrasil.com.br/diarios/142218846/dou-secao-3-04-04-2017-pg-153?ref=serp;DOU 04/04/2017 - Pág. 153 - Seção 3 - Diário Oficial da União;Contratada: ONIX DO BRASIL EIRELI - EPP; CNPJ: 16.701.048/0001-67. R$ 5.000,00 (art. 57 da Lei 8.443 /1992), a qual será atualizada desde a data do Acórdão 4482/2015-TCU-Primeira..., III , b , 24 e 28 , II , Lei 8.443 /1992, c/c os arts. 216 e 219, II e III, Regimento Interno do TCU...;
"{08691984000106} => {16701048000167}";0,0135027799841144;1;74,0588235294118;34;16701048000167+tcu;https://www.jusbrasil.com.br/diarios/176890668/dou-secao-3-07-02-2018-pg-135?ref=serp;DOU 07/02/2018 - Pág. 135 - Seção 3 - Diário Oficial da União;prestada deverá ser classificada quanto ao grau de confidencialidade, nos termos do art. 14 da Resolução-TCU...SECRETARIA DE CONTROLE EXTERNO EM RONDÔNIA EDITAL Nº 4/2018-TCU/SECEX-RO, DE 26 DE JANEIRO DE 2018 TC...Contratante: SENADO FEDERAL -.CNPJ Contratado: 16701048000167.;
"{08691984000106} => {16701048000167}";0,0135027799841144;1;74,0588235294118;34;16701048000167+tcu;https://www.jusbrasil.com.br/diarios/192396724/dou-secao-3-28-05-2018-pg-62?ref=serp;DOU 28/05/2018 - Pág. 62 - Seção 3 - Diário Oficial da União;na mesma localidade do exercício do cargo concursado neste edital, em obséquio à Decisão Normativa/TCU...nº 212/1998 e no Acórdão /TCU/ nº 569/2006-Plenário, processo nº TC-005.514/2004-9. 12.4 Novas vagas...ELÉTRICOS LTDA, CNPJ 15.984.883/0001-99, itens 04, 09, 29, 39, 54 e 63, ONIX DO BRASIL EIRELI, CNPJ 16.701.048/0001-67...;
"{08691984000106} => {16701048000167}";0,0135027799841144;1;74,0588235294118;34;16701048000167+tcu;https://www.jusbrasil.com.br/diarios/139954444/dou-secao-3-15-03-2017-pg-35?ref=serp;DOU 15/03/2017 - Pág. 35 - Seção 3 - Diário Oficial da União;16.631.998/0001-62; Valor total por empresa: R$ 11.110,3200; Vencedor ONIX DO BRASIL EIRELI - EPP, CNPJ: 16.701.048/0001-67...Informativo de créditos não quitados do setor público federal - Cadin, nos termos da Instrução Normativa TCU;
"{16701048000167} => {08691984000106}";0,0135027799841144;1;74,0588235294118;34;08691984000106+vara+criminal;https://www.jusbrasil.com.br/diarios/30707075/pg-143-secao-3-diario-oficial-da-uniao-dou-de-20-09-2011?ref=serp;DOU 20/09/2011 - Pág. 143 - Seção 3 - Diário Oficial da União;SECRETARIA-GERAL CIRCUNSCRIÇÃO JUDICIÁRIA DO GAMA VARAS CRIMINAIS DA CIRCUNSCRIÇÃO JUDICIÁRIA DO GAMA...2ª VARA CRIMINAL DO GAMA EDITAIS DE CITAÇÃO (Com prazo de 15 dias) A Drª JORGINA DE OLIVEIRA C....E SILVA ROSA, MMª Juíza de Direito da 2ª Vara Criminal do Gama, Distrito Federal, na forma da lei, etc...;
"{16701048000167} => {08691984000106}";0,0135027799841144;1;74,0588235294118;34;08691984000106+execução+penal;https://www.jusbrasil.com.br/diarios/176489537/dou-secao-1-05-02-2018-pg-98?ref=serp;DOU 05/02/2018 - Pág. 98 - Seção 1 - Diário Oficial da União;novos elementos obtidos a partir da "Operação Lava Jato", de possível ocorrência de dano ao erário na execução...Constituição Federal , no art. 218 , § 2º , do Código de Processo Civil, no art. 291 do Código de Processo Penal...Processo nº 00200.028222/2017-97, aplica à empresa BRA TECNOLOGIA LTDA-ME, inscrita no CNPJ sob o nº 08.691.984/0001-06...;
"{16701048000167} => {08691984000106}";0,0135027799841144;1;74,0588235294118;34;08691984000106+execução+penal;https://www.jusbrasil.com.br/diarios/30707075/pg-143-secao-3-diario-oficial-da-uniao-dou-de-20-09-2011?ref=serp;DOU 20/09/2011 - Pág. 143 - Seção 3 - Diário Oficial da União;(CNPJ: 08.691.984/0001-06), Item 12 - R$20,69, Item 19 - R$39,79. FAUSTINO & CIA LTDA - EPP CNPJ: 04.723.376/0001-85 Objeto: I - Prorrogar o prazo de execução dos serviços...III , do Código Penal . (...) Publique-se, registre-se e intime-se.;
"{16701048000167} => {08691984000106}";0,0135027799841144;1;74,0588235294118;34;08691984000106+tcu;https://www.jusbrasil.com.br/diarios/123105390/dou-secao-3-18-08-2016-pg-137?ref=serp;DOU 18/08/2016 - Pág. 137 - Seção 3 - Diário Oficial da União;e 2363/2006-TCU-2ª Câmara. (www.tcu.gov.br> aba cidadão> serviços e consultas> Emissão de GRU). Vigência: 12 meses, contados de 15/08/2016 a 14/08/2017; f) Fornecedor: BRA TECNOLOGIA LTDA ME, CNPJ 08.691.984/0001-06...;
"{16701048000167} => {08691984000106}";0,0135027799841144;1;74,0588235294118;34;08691984000106+tcu;https://www.jusbrasil.com.br/diarios/161472368/dou-secao-3-21-09-2017-pg-11?ref=serp;DOU 21/09/2017 - Pág. 11 - Seção 3 - Diário Oficial da União;supracitado, será instaurada a Tomada de Contas Especial na forma do art. 3º da Instrução Normativa TCU...CADIN, como dispõe o parágrafo 2º do art. 2º da Lei 10.522 /2002 e os incisos I e III do art. 15 da IN/TCU...-ME - CNPJ: 08.691.984/0001-06, PROVER ALIMENTOS LTDA -EPP - CNPJ: 09.294.294/0001-86, GHC UNIFORMES...;
"{16701048000167} => {08691984000106}";0,0135027799841144;1;74,0588235294118;34;08691984000106+tcu;https://www.jusbrasil.com.br/diarios/176489537/dou-secao-1-05-02-2018-pg-98?ref=serp;DOU 05/02/2018 - Pág. 98 - Seção 1 - Diário Oficial da União;LUÍS DE CARVALHO 007.331/2016-9 Levantamento decorrente do disposto no item 9.3 do Acórdão 2.543/2015-TCU-Plenário...Monitoramento de determinações e de recomendações contidas no Acórdão 604/2017, proferido pelo Plenário do TCU...Processo nº 00200.028222/2017-97, aplica à empresa BRA TECNOLOGIA LTDA-ME, inscrita no CNPJ sob o nº 08.691.984/0001-06...;
"{17930162000121} => {13440815000133}";0,0218427323272438;1;45,7818181818182;55;13440815000133+execução+penal;https://www.jusbrasil.com.br/diarios/242350923/doerr-17-05-2019-pg-21?ref=serp;DOERR 17/05/2019 - Pág. 21 - Diário Oficial do Estado de Roraima;CONTRATAÇÃO DE EMPRESA (S) ESPECIALIZADA (S) EM OBRAS E REGISTRO DE PREÇOS SERVIÇOS DE ENGENHARIA, PARA EXECUÇÃO...94, 95, 116 e 178 18.744,10 04 13.213.516/0001-66 - SAINT VALLEN BIOTECNOLOGIA LTDA 179 1.821,20 05 13.440.815/0001-33...no Código de Data de Abertura e Início da Disputa: 03/06/2019 – 09hs:00min (horário local)? Processo Penal...;
"{17930162000121} => {13440815000133}";0,0218427323272438;1;45,7818181818182;55;13440815000133+execução+penal;https://www.jusbrasil.com.br/diarios/268513438/dou-secao-3-25-10-2019-pg-244?ref=serp;DOU 25/10/2019 - Pág. 244 - Seção 3 - Diário Oficial da União;HOMOLOGAÇÃO Processo Licitatório Nº 010/2019- CELOSE; Objeto contratação de empresa de engenharia para execução...Termo de Colaboração, com a finalidade de contribuir para a Implementação da Central de Alternativas Penais...NORTE-FUERN (08.258.295/0001-02) e AZLAB EQUIPAMENTOS E SUPRIMENTOS PARA LABORATÓRIOS E HOSPITAIS LTDA (13.440.815/0001-33...;
"{17930162000121} => {13440815000133}";0,0218427323272438;1;45,7818181818182;55;13440815000133+execução+penal;https://www.jusbrasil.com.br/diarios/105488837/dom-sp-normal-02-12-2015-pg-92?ref=serp;DOM-SP 02/12/2015 - Pág. 92 - Normal - Diário Oficial do Município de São Paulo;em cujo Anexo deverá constar as seguintes disposições: “Sem prejuízo das sanções administrativas e penais...Para a execução deste contrato, nenhuma das partes poderá oferecer, dar ou se comprometer a dar a quem...ajuste e com fundamento no art. 87 , II da Lei Federal nº 8.666 /93, tendo em vista a ocorrência na execução...;
"{17930162000121} => {13440815000133}";0,0218427323272438;1;45,7818181818182;55;13440815000133+crimes+contra;https://www.jusbrasil.com.br/diarios/270636705/doern-05-06-2019-pg-25?ref=serp;DOERN 05/06/2019 - Pág. 25 - Diário Oficial do Estado do Rio Grande do Norte;E HOPITAIS LTDA 13.440.815/0001-33 3. 2.900,00 TOTAL GERAL 22.098,50 Natal/RN, 04 de junho de 2019....União e do Estado onde tenha residido nos últimos 05 (cinco) anos; XI - Declaração de não ter cometido crime...União e do Estado onde tenha residido nos últimos 05 (cinco) anos; XI - Declaração de não ter cometido crime...;
"{17930162000121} => {13440815000133}";0,0218427323272438;1;45,7818181818182;55;13440815000133+crimes+contra;https://www.jusbrasil.com.br/diarios/84484994/dou-secao-3-26-01-2015-pg-39?ref=serp;DOU 26/01/2015 - Pág. 39 - Seção 3 - Diário Oficial da União;CNPJ Contratado: 13440815000133. isenção serão de inteira responsabilidade do candidato, podendo responder este, a qualquer momento, por crime;
"{17930162000121} => {13440815000133}";0,0218427323272438;1;45,7818181818182;55;13440815000133+crimes+contra;https://www.jusbrasil.com.br/diarios/250406260/dou-secao-3-05-07-2019-pg-231?ref=serp;DOU 05/07/2019 - Pág. 231 - Seção 3 - Diário Oficial da União;6.059,00; Itens 2, 3, 6, 8, 10 e 12 a empresa AZLAB EQUIPAMENTOS E SUPRIMENTOS PARA LABORATORIOS E HO (13.440.815/0001-33...01; 25/04/2019; ALTERAÇÃO PRAZO DE PRESTAÇÃO DE CONTAS / MOVIOCA SALVADOR PRODUÇÕES ARTÍSTICAS LTDA; CRIMES;
"{17930162000121} => {13440815000133}";0,0218427323272438;1;45,7818181818182;55;13440815000133+tcu;https://www.jusbrasil.com.br/diarios/260645090/dou-secao-3-09-09-2019-pg-57?ref=serp;DOU 09/09/2019 - Pág. 57 - Seção 3 - Diário Oficial da União;Informativo de créditos não quitados do setor público federal - Cadin, nos termos da Instrução Normativa TCU...02.257.207/0001-71, Valor Total R$ 6.000,00; Azlab Equipamentos e Suprimentos para Laboratório, CNPJ 13.440.815/0001-33;
"{17930162000121} => {13440815000133}";0,0218427323272438;1;45,7818181818182;55;13440815000133+tcu;https://www.jusbrasil.com.br/diarios/98954969/dou-secao-3-31-08-2015-pg-70?ref=serp;DOU 31/08/2015 - Pág. 70 - Seção 3 - Diário Oficial da União;valor global de R$ 210,00; Azlab Equipamentos e Suprimentos para Laboratórios e Hospitais Ltda, CNPJ: 13.440.815/0001-33...Lei 8.666 /93, Lei 8.958 /94, Decreto 7.423/10, Decreto 8.241 /14, Resolução 28 /11, Acórdão 2.731/08-TCU;
"{17930162000121} => {13440815000133}";0,0218427323272438;1;45,7818181818182;55;13440815000133+tcu;https://www.jusbrasil.com.br/diarios/130211183/dou-secao-3-09-11-2016-pg-67?ref=serp;DOU 09/11/2016 - Pág. 67 - Seção 3 - Diário Oficial da União;CNPJ: 13.440.815/0001-33 - AZLAB EQUIPAMENTOS E SUPRIMENTOS LABORATORIOS E HOSP. temas aplicados e fundamentais sobre obras e serviços de engenharia de acordo com o entendimento do TCU;
"{17930162000121} => {13440815000133}";0,0218427323272438;1;45,7818181818182;55;13440815000133+tcu;https://www.jusbrasil.com.br/diarios/121789870/dou-secao-3-01-08-2016-pg-50?ref=serp;DOU 01/08/2016 - Pág. 50 - Seção 3 - Diário Oficial da União;nove reais e noventa e nove centavos); AZLAB EQUIPAMENTOS E SUPRIMENTOS PARA LABORATORIOS E HO, CNPJ: 13.440.815/0001-33...12/2004, que regulamenta as Leis n. 10.048-8, de 08/11/2000 e 10.098 , de 19/12/2000 e do Acórdão do TCU;
"{13440815000133} => {17930162000121}";0,0218427323272438;1;45,7818181818182;55;17930162000121+execução+penal;https://www.jusbrasil.com.br/diarios/71899307/dou-secao-3-17-06-2014-pg-57?ref=serp;DOU 17/06/2014 - Pág. 57 - Seção 3 - Diário Oficial da União;eletrônico www.unifap.br/depsec. 16.3 Anular-se-á sumariamente, sem prejuízo de eventuais sanções de caráter penal...Laboratoriais, CNPJ 17.930.162/0001-21; ITEM 02: K. C.R. COMER. DE EQUIP. fornecedores, queriam por gentileza ler atentamente o edital para ter conhecimentos das condições e forma da execução...;
"{13440815000133} => {17930162000121}";0,0218427323272438;1;45,7818181818182;55;17930162000121+execução+penal;https://www.jusbrasil.com.br/diarios/194769576/dou-secao-3-13-06-2018-pg-8?ref=serp;DOU 13/06/2018 - Pág. 8 - Seção 3 - Diário Oficial da União;Lab.Ltda, CNPJ-17.930.162/0001-21; Itens:5,6,12,13,20,43,71,73,74,75,76,77 =R$ 3.053,00; ATA-45/2017-...Penais e Corregedoria dos Presídios do Estado de Sergipe, para desempenhar atividades de manutenção...CNPJ CONTRATADA : 08.698.545/0001-25 CONSELHODA COMUNIDADE NA EXECUÇÃO PENAL - CCEP.;
"{13440815000133} => {17930162000121}";0,0218427323272438;1;45,7818181818182;55;17930162000121+responsabilidade+penal;https://www.jusbrasil.com.br/diarios/219255528/doema-terceiros-27-11-2018-pg-18?ref=serp;DOEMA 27/11/2018 - Pág. 18 - Terceiros - Diário Oficial do Estado do Maranhão;30 120 5000 R$ 20.000,00 contra crianças e adolescentes: a situação de violência à luz da legislação penal...Responsabilidades do Conselho tutelar e demais órgão do sistema de garantia de direitos. 4 30 120 5000...jurídicos: ITEM EMPRESA VENCEDORA 18 NATIVA LAB PRODUTOS LABORATORIAIS VALOR R$ 4.200,00 LTDA-ME CNPJ – 17.930.162/0001-21...;
"{13440815000133} => {17930162000121}";0,0218427323272438;1;45,7818181818182;55;17930162000121+crimes+contra;https://www.jusbrasil.com.br/diarios/232916956/doero-18-03-2019-pg-27?ref=serp;DOERO 18/03/2019 - Pág. 27 - Diário Oficial do Estado de Rondônia;ESTADO DE RONDÔNIA, ATRAVÉS DA SESDEC CONTRATADA: NATIVA LAB PRODUTOS LABORATORIAIS EIRELI CNPJ/MF nº. 17.930.162/0001-21...Criminal no Estado de Rondônia, que visa à produção de prova técnico-científica para esclarecimento de crimes;
"{13440815000133} => {17930162000121}";0,0218427323272438;1;45,7818181818182;55;17930162000121+crimes+contra;https://www.jusbrasil.com.br/diarios/212306032/dou-secao-3-09-10-2018-pg-67?ref=serp;DOU 09/10/2018 - Pág. 67 - Seção 3 - Diário Oficial da União;Fornecedor: 17.930.162/0001-21 - NATIVA LAB PRODUTOS LABORATORIAIS EIRELI. qualquer momento, no caso de serem prestadas informações inverídicas ou utilizados documentos falsos, por crime;
"{13440815000133} => {17930162000121}";0,0218427323272438;1;45,7818181818182;55;17930162000121+crimes+contra;https://www.jusbrasil.com.br/diarios/199307753/dou-secao-3-16-07-2018-pg-64?ref=serp;DOU 16/07/2018 - Pág. 64 - Seção 3 - Diário Oficial da União;CNPJ: 17.930.162/0001-21 - NATIVA LAB PRODUTOS LABORATORIAIS LTDA. Resumo do Objeto: Desenvolvimento de um projeto modelo, relacionado a prevenção aos riscos e crimes sexuais;
"{13440815000133} => {17930162000121}";0,0218427323272438;1;45,7818181818182;55;17930162000121+tcu;https://www.jusbrasil.com.br/diarios/179092506/dou-secao-3-26-02-2018-pg-103?ref=serp;DOU 26/02/2018 - Pág. 103 - Seção 3 - Diário Oficial da União;implicará na inscrição da responsabilidade no SIAFI e CADIN, com posterior envio do referido processo ao TCU...implicará na inscrição da responsabilidade no SIAFI e CADIN, com posterior envio do referido processo ao TCU...Produtos Laboratoriais LTDA - ME, CNPJ nº 17.930.162/0001-21, para o item 7, no valor total de R$ 10.400,00...;
"{13440815000133} => {17930162000121}";0,0218427323272438;1;45,7818181818182;55;17930162000121+tcu;https://www.jusbrasil.com.br/diarios/189611119/dou-secao-3-09-05-2018-pg-81?ref=serp;DOU 09/05/2018 - Pág. 81 - Seção 3 - Diário Oficial da União;na mesma localidade do exercício do cargo concursado neste edital, em obséquio à Decisão Normativa/TCU...nº 212/1998 e no Acórdão /TCU/ nº 569/2006-Plenário, processo nº TC-005.514/2004-9. 12.4 Novas vagas...15.188.525/0001-70, item 26, no valor total de R$ 5.535,00; NATIVA LAB PRODUTOS LABORATORIAIS LTDA-ME, CNPJ 17.930.162/0001-21...;
"{13440815000133} => {17930162000121}";0,0218427323272438;1;45,7818181818182;55;17930162000121+tcu;https://www.jusbrasil.com.br/diarios/215874041/dou-secao-3-01-11-2018-pg-52?ref=serp;DOU 01/11/2018 - Pág. 52 - Seção 3 - Diário Oficial da União;NATIVA LAB PRODUTOS LABORATORIAIS EIRELI, CNPJ 17.930.162/0001-21, Ata 8/2018-9, valor unitário para...Justificativa: Necessidade de fornecimento de energia elétrica amparada pelo item 9.3.4 do Acórdão TCU;
"{13440815000133} => {17930162000121}";0,0218427323272438;1;45,7818181818182;55;17930162000121+tcu;https://www.jusbrasil.com.br/diarios/73526126/dou-secao-3-25-07-2014-pg-57?ref=serp;DOU 25/07/2014 - Pág. 57 - Seção 3 - Diário Oficial da União;CNPJ nº 09.593.438/ 0001-03; Item 11 (R$ 720,00); NATIVA LAB PRODUTOS LABORATORIAIS LTDA - CNPJ nº 17.930.162/0001-21...Fundamento Legal: § 8º do Art. 65 , da Lei 8666 /93, c/c Acórdão nº 976 /2005-TCU.;
"{08398304000160} => {08573956000194}";0,0222398729150119;1;42,6779661016949;56;08573956000194+execução+penal;https://www.jusbrasil.com.br/diarios/23516971/pg-90-secao-3-diario-oficial-da-uniao-dou-de-01-12-2010?ref=serp;DOU 01/12/2010 - Pág. 90 - Seção 3 - Diário Oficial da União;Objeto: Pregão Eletrônico - Prestação de serviços, sob regime de execução indireta e de natureza contínua...relacionada, para o respectivo item do objeto: Item 01- VR CONSULTORIA & SERVIÇOS GERAIS LTDA, CNPJ 08.573.956/0001-94...Jurídica (e reflexos); do Termo de Constatação e Verificação Fiscal; da Representação Fiscal para Fins Penais...;
"{08398304000160} => {08573956000194}";0,0222398729150119;1;42,6779661016949;56;08573956000194+execução+penal;https://www.jusbrasil.com.br/diarios/24050567/pg-116-secao-3-diario-oficial-da-uniao-dou-de-07-01-2011?ref=serp;DOU 07/01/2011 - Pág. 116 - Seção 3 - Diário Oficial da União;Terrestres, cujo objeto é estabelecer cooperação técnica entre os partícipes, com vistas à coordenação e/ou execução...de ações integradas, destinadas à prevenção e repressão a ilícitos penais, bem como ao planejamento...Contratante: MINISTÉRIO DA JUSTIÇA -CNPJ Contratado: 08573956000194.;
"{08398304000160} => {08573956000194}";0,0222398729150119;1;42,6779661016949;56;08573956000194+responsabilidade+penal;https://www.jusbrasil.com.br/diarios/156678419/dou-secao-3-14-08-2017-pg-112?ref=serp;DOU 14/08/2017 - Pág. 112 - Seção 3 - Diário Oficial da União;CNPJ Contratado: 08573956000194. Contratado : VR CONSULTORIA & SERVICOS GERAIS -EIRELI - EPP....nos itens anteriores, deverá ser anexado ao formulário cópia de documento em que conste cláusula de responsabilidade...O requerente é responsável penal, cível e administrativamente pela veracidade das informações e dos documentos...;
"{08398304000160} => {08573956000194}";0,0222398729150119;1;42,6779661016949;56;08573956000194+tcu;https://www.jusbrasil.com.br/diarios/215304487/trt-21-judiciario-29-10-2018-pg-261?ref=serp;TRT-21 29/10/2018 - Pág. 261 - Judiciário - Tribunal Regional do Trabalho da 21ª Região;EDITAL PJe-JT DESTINATÁRIO: VR CONSULTORIA & SERVIÇOS GERAIS EIRELI - EPP, CNPJ: 08.573.956/0001-94 Fica...Foi determinado que a União comprovasse nos autos o depósito dos valores que foram retidos pelo TCU,;
"{08398304000160} => {08573956000194}";0,0222398729150119;1;42,6779661016949;56;08573956000194+tcu;https://www.jusbrasil.com.br/diarios/215304505/trt-21-judiciario-29-10-2018-pg-279?ref=serp;TRT-21 29/10/2018 - Pág. 279 - Judiciário - Tribunal Regional do Trabalho da 21ª Região;MACEDO DE ARAUJO , HILIANE SOARES DE SOUZA REU: VR CONSULTORIA & SERVICOS GERAIS EIRELI - EPP, CNPJ: 08.573.956/0001-94...Foi determinado que a União comprovasse nos autos o depósito dos valores que foram retidos pelo TCU,;
"{08398304000160} => {08573956000194}";0,0222398729150119;1;42,6779661016949;56;08573956000194+tcu;https://www.jusbrasil.com.br/diarios/207231723/dou-secao-3-05-09-2018-pg-169?ref=serp;DOU 05/09/2018 - Pág. 169 - Seção 3 - Diário Oficial da União;(www.tcu.gov.br> aba cidadão> serviços e consultas> Emissão de GRU). (www.tcu.gov.br> aba cidadão> serviços e consultas> Emissão de GRU). no Estado do Acre e a empresa VR Consultoria & Serviços Gerais Eireli - EPP - CNPJ 08.573.956/0001-94...;
"{08398304000160} => {08573956000194}";0,0222398729150119;1;42,6779661016949;56;08573956000194+tcu;https://www.jusbrasil.com.br/diarios/25064223/pg-67-secao-3-diario-oficial-da-uniao-dou-de-28-02-2011?ref=serp;DOU 28/02/2011 - Pág. 67 - Seção 3 - Diário Oficial da União;55 V da Lei 8.666 /93; art. 5º do Decreto 2.271/91; arts. 37 a 41 da IN MPOG/SLTI 02/08; LC 101/00 e TCU...Contratante: MINISTÉRIO DA FAZENDA -CNPJ Contratado: 08573956000194. Contratante: MINISTÉRIO DA FAZENDA -CNPJ Contratado: 08573956000194.;
"{08398304000160} => {08573956000194}";0,0222398729150119;1;42,6779661016949;56;08573956000194+tcu;https://trt-21.jusbrasil.com.br/jurisprudencia/670812854/rtord-3398920185210010/inteiro-teor-670812882?ref=serp;TRT-21 - Inteiro Teor. : RTOrd 3398920185210010;Decisão: DE SOUZA, GEORGE ARTHUR FERNANDES SILVEIRA REU: VR CONSULTORIA & SERVICOS GERAIS EIRELI - EPP, CNPJ: 08.573.956/0001-94...PEREIRA DA SILVA Reclamado: VR CONSULTORIA & SERVICOS GERAIS EIRELI - EPP Litisconsorte: UNIÃO FEDERAL (TCU...trabalhista em desfavor da ENTECO VR CONSULTORIA & SERVICOS GERAIS EIRELI - EPP e da UNIÃO FEDERAL (TCU...;01/02/2019
"{08398304000160} => {08573956000194}";0,0222398729150119;1;42,6779661016949;56;08573956000194+tcu;https://www.jusbrasil.com.br/diarios/208139076/dou-secao-3-12-09-2018-pg-137?ref=serp;DOU 12/09/2018 - Pág. 137 - Seção 3 - Diário Oficial da União;Antônio Bunchaft, CPF: 641.810.905-82, do Acórdão 5263/2018 - TCU - Primeira Câmara, Sessão de 5/6/2018...18 e 23 , inciso II , da Lei 8.443 /1992 c/c os arts. 208 e 214, inciso II, do Regimento Interno do TCU...Contrato nº 02/2016, fica comunicada a empresa VR Consultoria e Serviços Gerais Eireli - EPP, CNPJ nº 08.573.956/0001-94...;
"{08398304000160} => {08573956000194}";0,0222398729150119;1;42,6779661016949;56;08573956000194+tcu;https://trt-21.jusbrasil.com.br/jurisprudencia/643656934/rtord-3148820185210006/inteiro-teor-643659015?ref=serp;TRT-21 - Inteiro Teor. : RTOrd 3148820185210006;Decisão: MACEDO DE ARAUJO, HILIANE SOARES DE SOUZA REU: VR CONSULTORIA & SERVICOS GERAIS EIRELI - EPP, CNPJ: 08.573.956/0001-94...Foi determinado que a União comprovasse nos autos o depósito dos valores que foram retidos pelo TCU,...reclamada principal para exercer a função de Recepcionista, perante o Tribunal de Contas da União (TCU...;29/10/2018
"{08398304000160} => {08573956000194}";0,0222398729150119;1;42,6779661016949;56;08573956000194+tcu;https://www.jusbrasil.com.br/diarios/128609538/dou-secao-3-19-10-2016-pg-132?ref=serp;DOU 19/10/2016 - Pág. 132 - Seção 3 - Diário Oficial da União;possíveis irregularidades em operação crédito para capital de giro, decidiu, conforme Acórdão 1927/2016 - TCU...julho de 1992, fica NOTIFICADO Hipérion de Oliveira Silva, CPF: 144.462.432-68, do Acórdão 9903/2016 - TCU...firmado em 04/10/2016, entre a SECEX/RN e a empresa VR CONSULTORIA & SERVIÇOS GERAIS EIRELI - EPP, CNPJ 08.573.956/0001-94...;
"{08398304000160} => {08573956000194}";0,0222398729150119;1;42,6779661016949;56;08573956000194+tcu;https://www.